title,author,price,img
처음 배우는 매트랩,방성완,30000,https://www.hanbit.co.kr/data/books/B7192437175_m.jpg
SAS와 메타분석을 활용한 한번에 적용하는 의학보건통계,히든그레이스 데이터분석팀,34000,https://www.hanbit.co.kr/data/books/B9111135793_m.jpg
정보교과교육론(3판),"최현종 , 전용주",30000,https://www.hanbit.co.kr/data/books/B6983226439_m.jpg
"IT CookBook, 기초전자실험 with PSpice(3판)",홍순관,22000,https://www.hanbit.co.kr/data/books/B5432656562_m.jpg
경제수학 강의(3판),김성현,23000,https://www.hanbit.co.kr/data/books/B3469288289_m.jpg
글로벌 사회와 리더십(2판),안광현,28000,https://www.hanbit.co.kr/data/books/B7971953055_m.jpg
행동 재무론,고광수,32000,https://www.hanbit.co.kr/data/books/B9032308335_m.jpg
"IT CookBook, 알기 쉽게 해설한 파이썬 with 컴퓨팅 사고력","김충석 , 김지연",24000,https://www.hanbit.co.kr/data/books/B7224713122_m.jpg
MATLAB으로 배우는 공학 수치해석(3판),방성완,28000,https://www.hanbit.co.kr/data/books/B2271641400_m.jpg
Cengel의 알기 쉬운 열역학(6판),"Yunus A. Çengel , John M. Cimbala , Afshin J. Ghajar",34000,https://www.hanbit.co.kr/data/books/B3411540576_m.jpg
Cengel의 알기 쉬운 열전달(6판),"Yunus A. Çengel , John M. Cimbala , Afshin J. Ghajar",34000,https://www.hanbit.co.kr/data/books/B6426315656_m.jpg
"IT CookBook, 알기 쉽게 해설한 자바 프로그래밍(10판)",김충석,30000,https://www.hanbit.co.kr/data/books/B1299451650_m.jpg
"IT CookBook, 비즈니스 애널리틱스를 위한 데이터 마이닝","Galit Shmueli , Peter C. Bruce , Peter Gedeck , Nitin R. Patel",39000,https://www.hanbit.co.kr/data/books/B6340643222_m.jpg
현대경영과학(9판),김세헌,35000,https://www.hanbit.co.kr/data/books/B7388617442_m.jpg
"IT CookBook, 네트워크 해킹과 보안(4판)","양대일 , 홍성혁",32000,https://www.hanbit.co.kr/data/books/B1626092786_m.jpg
"IT CookBook, 쉽게 배우는 운영체제(2판)",조성호,32000,https://www.hanbit.co.kr/data/books/B5351150617_m.jpg
"IT CookBook, Android Studio를 활용한 안드로이드 프로그래밍(8판)","우재남 , 박길식",34000,https://www.hanbit.co.kr/data/books/B7099909363_m.jpg
"STEM CookBook, 전기 및 하이브리드 자동차(3판)",Iqbal Husain,35000,https://www.hanbit.co.kr/data/books/B5620881464_m.jpg
"IT CookBook, 컴퓨터 비전과 딥러닝",오일석,39000,https://www.hanbit.co.kr/data/books/B8870109394_m.jpg
리더십 : 이론과 실제 (9판),Peter G. Northouse,36000,https://www.hanbit.co.kr/data/books/B1459262097_m.jpg
"IT CookBook, JAVA 마스터",송미영,30000,https://www.hanbit.co.kr/data/books/B3672807578_m.jpg
"IT CookBook, 데이터 과학을 위한 파이썬 프로그래밍(2판)",최성철,30000,https://www.hanbit.co.kr/data/books/B4416755821_m.jpg
"IT CookBook, 생활 속 예제로 배우는 생생 데이터 분석",조인석,23000,https://www.hanbit.co.kr/data/books/B8753305821_m.jpg
"IT CookBook, 파워포인트 2019",김지연,20000,https://www.hanbit.co.kr/data/books/B3854933351_m.jpg
메타버스로 구현하는 나만의 세상,"한규정 , 최종원 , 강신조 , 심민정 , 안형준 , 위새람 , 최동일",23000,https://www.hanbit.co.kr/data/books/B9612872259_m.jpg
국제경영학 : 환경과 운영 (17판),"John D. Daniels , Lee H. Radebaugh , Daniel P. Sullivan , Reid W. Click",41000,https://www.hanbit.co.kr/data/books/B6136675664_m.jpg
머신러닝을 위한 수학,이병준,28000,https://www.hanbit.co.kr/data/books/B2286199605_m.jpg
위상수학 첫걸음,Fred H. Croom,29000,https://www.hanbit.co.kr/data/books/B8171607831_m.jpg
"IT CookBook, 전자기학 : ELECTROMAGNETICS (2판)","Arlon T. Adams , Jay Kyoon Lee(이재균) , Jay Kyoon Lee  - 감수",35000,https://www.hanbit.co.kr/data/books/B3899600266_m.jpg
반도체 특강 : 소자편,진종문,28000,https://www.hanbit.co.kr/data/books/B3016128552_m.jpg
"IT CookBook, 처음 만나는 자동제어공학(2판)",김성중,23000,https://www.hanbit.co.kr/data/books/B2998156507_m.jpg
누구나 R 데이터 분석,이윤환,27000,https://www.hanbit.co.kr/data/books/B9106986428_m.jpg
"STEM CookBook, 정수론 첫걸음",Kuldeep Singh,33000,https://www.hanbit.co.kr/data/books/B8663470444_m.jpg
"IT CookBook, C# 프로그래밍 for Beginner",우재남,27000,https://www.hanbit.co.kr/data/books/B9765536396_m.jpg
R과 jamovi를 활용한 한번에 적용하는 의학보건통계,히든그레이스 데이터분석팀,32000,https://www.hanbit.co.kr/data/books/B8706529601_m.jpg
글로벌 시장환경과 국제경영,"이장로 , 신만수 , 김창수",40000,https://www.hanbit.co.kr/data/books/B4622360704_m.jpg
미래 세상의 모빌리티,"임덕신 , 임현준",23000,https://www.hanbit.co.kr/data/books/B7306695419_m.jpg
"IT CookBook, 처음 만나는 전력공학(2판)","박숭규 , 최은혁 , 최병숙",27000,https://www.hanbit.co.kr/data/books/B8789429594_m.jpg
경영경제 통계학 4판 : Excel과 R의 실전적 활용,"Sanjiv Jaggia , Alison Kelly",38000,https://www.hanbit.co.kr/data/books/B6173966244_m.jpg
4차 산업혁명 시대의 국제마케팅(8판),"이장로 , 문희철 , 이춘수",29000,https://www.hanbit.co.kr/data/books/B2341318191_m.jpg
스마트 물류 비즈니스를 위한 글로벌 공급사슬관리(2판),"김종락 , 김시영 , 신건철",29000,https://www.hanbit.co.kr/data/books/B3235254949_m.jpg
신제품 개발 관리,김종배,29000,https://www.hanbit.co.kr/data/books/B8613955880_m.jpg
광고론(2판),김종배,34000,https://www.hanbit.co.kr/data/books/B3131155216_m.jpg
"전략경영 : 개념과 사례, 경쟁우위 접근법 (제17판)","Fred R. David , Forest R. David , Meredith E. David",39000,https://www.hanbit.co.kr/data/books/B7771922356_m.jpg
"STEM CookBook, 문제 해결력을 키우는 기계설계",이상범,34000,https://www.hanbit.co.kr/data/books/B8672666879_m.jpg
경영분석(6판),"장영광 , 송치승",36000,https://www.hanbit.co.kr/data/books/B2640361618_m.jpg
"IT CookBook, 기초부터 시작하는 PLC : OMRON NX","정완보 , 이진호",32000,https://www.hanbit.co.kr/data/books/B2923812848_m.jpg
"IT CookBook, 원리로 이해하는 전력전자공학(2판)","원충연 , 김영렬 , 이택기 , 류홍제 , 故정용채",30000,https://www.hanbit.co.kr/data/books/B5156679966_m.jpg
"IT CookBook, TCP/IP 소켓 프로그래밍(2판)",김선우,32000,https://www.hanbit.co.kr/data/books/B9063949643_m.jpg
"IT CookBook, 쉽게 배우는 데이터 통신과 컴퓨터 네트워크(3판)",박기현,30000,https://www.hanbit.co.kr/data/books/B7400451696_m.jpg
"IT CookBook, 우분투 리눅스(3판)",이종원,34000,https://www.hanbit.co.kr/data/books/B6129400746_m.jpg
거시경제학(3판),주상영,36000,https://www.hanbit.co.kr/data/books/B7738896383_m.jpg
실용적 접근 방식의 경영학원론(10판),"Angelo Kinicki , Denise Breaux Soignet",39000,https://www.hanbit.co.kr/data/books/B1959656080_m.jpg
"IT CookBook, C로 시작하는 컴퓨터 프로그래밍(4판)","문호석, 손명호",23000,https://www.hanbit.co.kr/data/books/B4947312430_m.jpg
"IT CookBook, 인터넷 해킹과 보안(4판)",김경곤,29000,https://www.hanbit.co.kr/data/books/B1393628384_m.jpg
"IT CookBook, 파이썬 데이터 분석 for Beginner",우재남,28000,https://www.hanbit.co.kr/data/books/B9597680767_m.jpg
"Strategic Management, 17th Edition","Fred R. David , Forest R. David , Meredith E. David",79000,https://www.hanbit.co.kr/data/books/B2530464059_m.jpg
"IT CookBook, 엑셀 2019",김지연,20000,https://www.hanbit.co.kr/data/books/B7792763682_m.jpg
"IT CookBook, 소프트웨어 공학 이론과 실제",홍장의,33000,https://www.hanbit.co.kr/data/books/B5067324775_m.jpg
공학도라면 반드시 알아야 할 최소한의 수학(8판),John Bird,25000,https://www.hanbit.co.kr/data/books/B2247981475_m.jpg
"IT CookBook, UI/UX 디자인 이론과 실무 with 어도비 XD",이영주,30000,https://www.hanbit.co.kr/data/books/B4622884510_m.jpg
"STEM CookBook, 공학 기초수학(2판)",함남우,22000,https://www.hanbit.co.kr/data/books/B7170139829_m.jpg
"STEM CookBook, Beer의 정역학과 재료역학(3판)","Ferdinand P. Beer , E. Russell Johnston, Jr. , John T. DeWolf , David F. Mazurek",39000,https://www.hanbit.co.kr/data/books/B7121664936_m.jpg
STEIN 푸리에 해석학,"ELIAS M. STEIN , RAMI SHAKARCHI",38000,https://www.hanbit.co.kr/data/books/B6236324381_m.jpg
미분적분학 : 기초부터 응용까지,수학교재편찬위원회,35000,https://www.hanbit.co.kr/data/books/B2195975973_m.jpg
인공지능 시대의 문화기술,"두일철 , 오세종",22000,https://www.hanbit.co.kr/data/books/B4600453154_m.jpg
재무회계 with IFRS,"Jerry Weygandt , Paul Kimmel , Don Kieso",44000,https://www.hanbit.co.kr/data/books/B2995989202_m.jpg
상법강의,서성호,45000,https://www.hanbit.co.kr/data/books/B6734033518_m.jpg
소비자 행동론 제 13판,Michael R. Solomon,39000,https://www.hanbit.co.kr/data/books/B5744853316_m.jpg
파이썬으로 시작하는 컴퓨터 프로그래밍,조동영,25000,https://www.hanbit.co.kr/data/books/B4893899879_m.jpg
STEIN 복소해석학,"ELIAS M. STEIN , RAMI SHAKARCHI",36000,https://www.hanbit.co.kr/data/books/B8214795859_m.jpg
운영관리(13판),"Jay Heizer , Barry Render , Chuck Munson",42000,https://www.hanbit.co.kr/data/books/B6032223886_m.jpg
"STEM CookBook, 문제 해결력을 키우는 동역학","유봉조 , 박경수",32000,https://www.hanbit.co.kr/data/books/B6947867590_m.jpg
"IT CookBook, 디지털 신호 처리(2판)",이철희,33000,https://www.hanbit.co.kr/data/books/B4334124169_m.jpg
조직행동론(3판),Angelo Kinicki,38000,https://www.hanbit.co.kr/data/books/B3188891806_m.jpg
ISE Business Statistics: Communicating with Numbers [4th Edition],"Sanjiv Jaggia , Alison Kelly",50000,https://www.hanbit.co.kr/data/books/B8402518090_m.jpg
"IT CookBook, Android Studio를 활용한 안드로이드 프로그래밍(7판)","우재남 , 박길식",33000,https://www.hanbit.co.kr/data/books/B1212492850_m.jpg
"IT CookBook, 원리로 이해하는 무선공학",홍익표,32000,https://www.hanbit.co.kr/data/books/B2941761462_m.jpg
"IT CookBook, 실전에 강한 드론 제작과 정비 : 이론부터 실무까지",박장환,28000,https://www.hanbit.co.kr/data/books/B7725889032_m.jpg
"IT CookBook, 쉽게 배우는 자료구조 with 자바",문병로,29000,https://www.hanbit.co.kr/data/books/B7033044159_m.jpg
"IT CookBook, 쉽게 배우는 자료구조 with 파이썬",문병로,29000,https://www.hanbit.co.kr/data/books/B1962706778_m.jpg
"IT CookBook, 데이터베이스 개론(3판)",김연희,29000,https://www.hanbit.co.kr/data/books/B6505632990_m.jpg
"IT CookBook, 디지털 논리회로 실험(2판)","홍경호 , 임석구",25000,https://www.hanbit.co.kr/data/books/B7307907577_m.jpg
"IT CookBook, 디지털 논리회로(4판)","임석구 , 홍경호",32000,https://www.hanbit.co.kr/data/books/B2132529019_m.jpg
공학도를 위한 수치해석(8판),"Steven C.Chapra , Raymond P. Canale",36000,https://www.hanbit.co.kr/data/books/B2369847218_m.jpg
"Case, Fair, Oster의 경제학원론","Karl E. Case , Ray C. Fair , Sharon M. Oster",39000,https://www.hanbit.co.kr/data/books/B1077705950_m.jpg
"IT CookBook, C 언어 for Beginner 4판",우재남,26000,https://www.hanbit.co.kr/data/books/B1668287710_m.jpg
"IT CookBook, 가상현실의 이해",송은지,22000,https://www.hanbit.co.kr/data/books/B7119209370_m.jpg
"IT CookBook, 난생처음 C 언어 프로그래밍",김화수,25000,https://www.hanbit.co.kr/data/books/B2545053750_m.jpg
"IT CookBook, 데이터 과학을 위한 파이썬 머신러닝",최성철,30000,https://www.hanbit.co.kr/data/books/B8031863123_m.jpg
"IT CookBook, 엑셀과 파워포인트 2019",김지연,23000,https://www.hanbit.co.kr/data/books/B6256500150_m.jpg
"IT CookBook, 자바스크립트 프로그래밍 입문(2판)",윤인성,27000,https://www.hanbit.co.kr/data/books/B1606660111_m.jpg
"IT CookBook, 파이썬 for Beginner(3판)",우재남,25000,https://www.hanbit.co.kr/data/books/B5199139984_m.jpg
기본 재무관리(제5판),"Jonathan Berk , Peter DeMarzo , Jarrad Harford",42000,https://www.hanbit.co.kr/data/books/B3878279265_m.jpg
(개발자에게 필요 없는 수학은 없다) 프로그래머를 위한 수학,폴 올랜드,42000,https://www.hanbit.co.kr/data/books/B4698546432_m.jpg
"STEM CookBook, 컴퓨팅 사고력을 키우는 이산수학(3판)",박주미,29000,https://www.hanbit.co.kr/data/books/B1836224274_m.jpg
"IT CookBook, 그림으로 배우고 실생활 예제로 실습하는 자바를 부탁해",박세홍(홍팍),26000,https://www.hanbit.co.kr/data/books/B1041700089_m.jpg
온톨로지 과학자를 위한 지식그래프,"딘 알레망 , 제임스 핸들러 , 파비엔 갠던",45000,https://www.hanbit.co.kr/data/books/B5160362412_m.jpg
"IT CookBook, 시스템 프로그래밍: 리눅스&유닉스",이종원,28000,https://www.hanbit.co.kr/data/books/B3943456030_m.jpg
한번에 적용하는 분석,히든그레이스 데이터분석팀,24000,https://www.hanbit.co.kr/data/books/B6452589658_m.jpg
인공지능 논리 입문,이은정,22000,https://www.hanbit.co.kr/data/books/B4517369064_m.jpg
"IT CookBook, 처음 만나는 전기기기(2판)","최은혁 , 박숭규",24000,https://www.hanbit.co.kr/data/books/B6434597961_m.jpg
"IT CookBook, 현대 센서공학(5판)",Jacob Fraden,35000,https://www.hanbit.co.kr/data/books/B4633012179_m.jpg
"IT CookBook, 모바일 웹 서비스 구현을 위한 JSP 웹 프로그래밍","김현규 , 박유현",30000,https://www.hanbit.co.kr/data/books/B1265976064_m.jpg
미래조직을 위한 조직설계의 이해(4판),"현선해 , 최세경 , 서문교",22000,https://www.hanbit.co.kr/data/books/B9009516784_m.jpg
쉽게 배우고 익히는 회계원리(4판),"정용기 , 김선미 , 임영제 , 신영직 , 유지선",30000,https://www.hanbit.co.kr/data/books/B7533828722_m.jpg
쉽게 배우고 익히는 회계원리[객관식/학습문제 해답](4판),"정용기 , 김선미 , 임영제 , 신영직 , 유지선",7000,https://www.hanbit.co.kr/data/books/B1833400260_m.jpg
"IT CookBook, 짧고 굵게 배우는 JSP 웹 프로그래밍과 스프링 프레임워크",황희정,27000,https://www.hanbit.co.kr/data/books/B6993093151_m.jpg
데이터베이스 시스템(7판),"Abraham Silberschatz , Henry F. Korth , S. Sudarshan",45000,https://www.hanbit.co.kr/data/books/B9949658683_m.jpg
비즈니스 애널리틱스,"Sanjiv Jaggia , Alison Kelly , Kevin Lertwachara , Leida Chen",38000,https://www.hanbit.co.kr/data/books/B2179952545_m.jpg
"STEM CookBook, 문제 해결력을 키우는 정역학",오충석,30000,https://www.hanbit.co.kr/data/books/B2499110389_m.jpg
최신 관리회계,"정재권 , 서한결 , 곽종민",28000,https://www.hanbit.co.kr/data/books/B7623190015_m.jpg
"IT CookBook, 처음 만나는 회로이론(2판)",방성완,23000,https://www.hanbit.co.kr/data/books/B3148701816_m.jpg
안전필수 시스템 제어 설계,"김국헌 , 김태효 , 이성섭",38000,https://www.hanbit.co.kr/data/books/B2591303726_m.jpg
"IT CookBook, C로 배우는 쉬운 자료구조(4판)",이지영,29000,https://www.hanbit.co.kr/data/books/B3006151946_m.jpg
"IT CookBook, 디지털 콘텐츠 기획(2판)",김성은,30000,https://www.hanbit.co.kr/data/books/B2388883228_m.jpg
"IT CookBook, 쉽게 배우는 소프트웨어 공학(2판)",김치수,30000,https://www.hanbit.co.kr/data/books/B4766499846_m.jpg
"IT CookBook, 컴퓨터 구조와 원리 3.0",신종홍,29000,https://www.hanbit.co.kr/data/books/B1904486238_m.jpg
"IT CookBook, 난생처음 파이썬 프로그래밍","우재남 , 최민아",24000,https://www.hanbit.co.kr/data/books/B7132069963_m.jpg
"IT CookBook, 정보 보안 개론(4판)",양대일,30000,https://www.hanbit.co.kr/data/books/B8742050283_m.jpg
"IT CookBook, 최신 기술 동향으로 알아보는 ICT와 4차 산업혁명","김용태 , 정윤수 , 박길철",24000,https://www.hanbit.co.kr/data/books/B2500085297_m.jpg
"STEM CookBook, 한 걸음씩 알아가는 선형대수학",Kuldeep Singh,32000,https://www.hanbit.co.kr/data/books/B5696471156_m.jpg
"STEM CookBook, 해석학 첫걸음",스티븐 애벗(Stephen Abbott),26000,https://www.hanbit.co.kr/data/books/B4712980610_m.jpg
"IT CookBook, 익스플로링 아두이노(2판)",JEREMY BLUM,32000,https://www.hanbit.co.kr/data/books/B7197534022_m.jpg
"IT CookBook, 난생처음 인공지능 입문",서지영,25000,https://www.hanbit.co.kr/data/books/B6772148484_m.jpg
제대로 작성하는 논문 : 시작부터 마무리까지,"노경섭 , 김정욱",20000,https://www.hanbit.co.kr/data/books/B2688599320_m.jpg
수학이 외계어처럼 들리는 이공계생을 위한 제로 수학,"김우섭(소동) , 강민범",22000,https://www.hanbit.co.kr/data/books/B4963691938_m.jpg
"STEM CookBook, 기초 선형대수학(2판)","이광연 , 설한국 , 김진수",26000,https://www.hanbit.co.kr/data/books/B4302601747_m.jpg
"STEM CookBook, 이공계생을 위한 확률과 통계(2판)","안승철 , 이광연 , 박기섭",25000,https://www.hanbit.co.kr/data/books/B5226000736_m.jpg
"IT CookBook,  문제해결을 위한 컴퓨팅 사고와 파이썬",김지연,24000,https://www.hanbit.co.kr/data/books/B1053207646_m.jpg
"IT CookBook, 컴퓨터 활용과 실습 2019","김경희 , 김혜란",25000,https://www.hanbit.co.kr/data/books/B1872121392_m.jpg
누워서 읽는 통계학,"와쿠이 요시유키 , 와쿠이 사다미",19800,https://www.hanbit.co.kr/data/books/B9477508508_m.jpg
만만한 통계 : R 활용,"닐 J. 샐카인드 , 레슬리 A. 쇼",28000,https://www.hanbit.co.kr/data/books/B1073758476_m.jpg
4차 산업혁명 시대를 위한 e-비즈니스 개론(4판),이동훈,27000,https://www.hanbit.co.kr/data/books/B6808882615_m.jpg
한글처럼 쉬운 중국어,"김원재 , 강은주",18000,https://www.hanbit.co.kr/data/books/B2721953104_m.jpg
회계원리,"이기호 , 이정엽 , 전홍준",23000,https://www.hanbit.co.kr/data/books/B9801285644_m.jpg
알기쉬운 회계원리의 기초(3판),"김혁 , 윤승준 , 이원강",26000,https://www.hanbit.co.kr/data/books/B6194552090_m.jpg
최신 원가회계,"정재권 , 서한결 , 곽종민",28000,https://www.hanbit.co.kr/data/books/B8317619863_m.jpg
"IT CookBook, C 언어 일취월장(2판)",신윤환,28000,https://www.hanbit.co.kr/data/books/B9718869266_m.jpg
소비자행동,김학윤,35000,https://www.hanbit.co.kr/data/books/B3127312955_m.jpg
"Numerical Methods for Engineers, 8th Edition","Steven Chapra , Raymond Canale",45000,https://www.hanbit.co.kr/data/books/B5762394070_m.jpg
"IT CookBook, SQL Server로 배우는 데이터베이스 개론과 실습(2판)","박우창 , 남송휘 , 이현룡",29000,https://www.hanbit.co.kr/data/books/B4024148490_m.jpg
"IT CookBook, 손에 잡히는 데이터 통신",임석구,29000,https://www.hanbit.co.kr/data/books/B8497885322_m.jpg
"IT CookBook, 파이썬 자료구조와 알고리즘 for Beginner",우재남,27000,https://www.hanbit.co.kr/data/books/B4186876690_m.jpg
"STEM CookBook, 대학물리학(5판)",Alan Giambattista,43000,https://www.hanbit.co.kr/data/books/B5747914873_m.jpg
"STEM CookBook, 재료역학(2판)","Anthony Bedford , Kenneth M. Liechti",38000,https://www.hanbit.co.kr/data/books/B3532160882_m.jpg
창업을 디자인하라(2판),유순근,29000,https://www.hanbit.co.kr/data/books/B7003679813_m.jpg
"IT CookBook, 디지털 회로 실험 with PSpice",홍순관,22000,https://www.hanbit.co.kr/data/books/B7259300237_m.jpg
데이터 과학을 위한 기초수학 with 파이썬,이병준,26000,https://www.hanbit.co.kr/data/books/B2312495638_m.jpg
미분적분학 : 대학수학의 첫걸음,수학교재편찬위원회,28000,https://www.hanbit.co.kr/data/books/B3331792777_m.jpg
제대로 시작하는 기초 통계학 : Excel 활용 (2판),노경섭,25000,https://www.hanbit.co.kr/data/books/B5373816298_m.jpg
친절한 미분적분학,"캐럴 애시, 로버트 B. 애시",32000,https://www.hanbit.co.kr/data/books/B2976231938_m.jpg
"IT CookBook, 4차 산업혁명과 정보통신의 이해","김정섭 , 이호상 , 양인창",25000,https://www.hanbit.co.kr/data/books/B3737758364_m.jpg
"IT CookBook, C# 프로그래밍 2판",윤인성,26000,https://www.hanbit.co.kr/data/books/B3094396807_m.jpg
"IT CookBook, 게임 제작으로 배우는 유니티","이종원 , 정종필",30000,https://www.hanbit.co.kr/data/books/B8935794438_m.jpg
"IT CookBook, 난생처음 R 코딩 & 데이터 분석","오세종 , 신현석",25000,https://www.hanbit.co.kr/data/books/B2903514322_m.jpg
"IT CookBook, 난생처음 인공지능 with 스크래치",고광일,23000,https://www.hanbit.co.kr/data/books/B4011259634_m.jpg
"IT CookBook, 난생처음 컴퓨팅 사고 with 파이썬",김명호,23000,https://www.hanbit.co.kr/data/books/B2890271292_m.jpg
"IT CookBook, 초융합 시대의 멀티미디어와 콘텐츠","김용태 , 박길철",29000,https://www.hanbit.co.kr/data/books/B3159505553_m.jpg
"IT CookBook, 파이썬으로 만드는 인공지능","오일석 , 이진선",31000,https://www.hanbit.co.kr/data/books/B8091740296_m.jpg
"IT CookBook, 핵심이 보이는 전자기학",김성중,28000,https://www.hanbit.co.kr/data/books/B6109809364_m.jpg
"Statics and Mechanics of Materials, 3rd Edition","Ferdinand Beer , E. Johnston , John DeWolf , David Mazurek",45000,https://www.hanbit.co.kr/data/books/B1559528854_m.jpg
"IT CookBook, 데이터 과학 기반의 파이썬 빅데이터 분석",이지영,28000,https://www.hanbit.co.kr/data/books/B5574348931_m.jpg
"IT CookBook, 전자기학 : 풍부한 그림으로 형상화하여 이해하는 전자기학의 핵심",김동명,38000,https://www.hanbit.co.kr/data/books/B6375462218_m.jpg
"IT CookBook, 쉽게 배우는 자바 프로그래밍 2판",우종정,29000,https://www.hanbit.co.kr/data/books/B2714244159_m.jpg
포르잔 C++ 에센셜,"Behrouz A. Forouzan , Richard F. Gilberg",32000,https://www.hanbit.co.kr/data/books/B4797877052_m.jpg
플랫폼 비즈니스를 위한 경영정보시스템,"정창근 , 김종락 , 김시영",29000,https://www.hanbit.co.kr/data/books/B1125099909_m.jpg
"IT CookBook, 액세스 2019로 배우는 데이터베이스 기초와 실습",김지연,28000,https://www.hanbit.co.kr/data/books/B6503201303_m.jpg
뉴 머신시대의 기업가정신을 찾아서,이건창,18000,https://www.hanbit.co.kr/data/books/B3778110677_m.jpg
세계화와 지역화 : 한국의 선택은?,황해두,17000,https://www.hanbit.co.kr/data/books/B5933962919_m.jpg
포르잔 C++ 바이블,"Behrouz A. Forouzan , Richard F. Gilberg",45000,https://www.hanbit.co.kr/data/books/B1851418066_m.jpg
4차산업혁명시대의 창업실무,"조보상 , 윤두열",28000,https://www.hanbit.co.kr/data/books/B7422122981_m.jpg
딥러닝을 위한 선형대수학,Gilbert Strang,38000,https://www.hanbit.co.kr/data/books/B9479195027_m.jpg
"IT CookBook, 오라클로 배우는 데이터베이스 개론과 실습(2판)","박우창 , 남송휘 , 이현룡",29000,https://www.hanbit.co.kr/data/books/B2082711299_m.jpg
대학을 버려야 대학이 산다,조동성 외 인천대학교 가족 178명,18000,https://www.hanbit.co.kr/data/books/B1825116777_m.jpg
"IT CookBook, 따라 하면서 배우는 사물인터넷",양재삼,28000,https://www.hanbit.co.kr/data/books/B5937482728_m.jpg
R로 하는 다변량 데이터 분석 : 이론부터 실무 활용까지,"카와하시 잇코 , 이와마 노리카즈 , 스즈키 마사유키",32000,https://www.hanbit.co.kr/data/books/B8404138031_m.jpg
창의적 공학설계(3판),김은경,23000,https://www.hanbit.co.kr/data/books/B8573612142_m.jpg
공학 핵심수학(2판)  : 기초부터 심화까지 핵심만 쏙쏙,함남우,23000,https://www.hanbit.co.kr/data/books/B8658821149_m.jpg
응용이 보이는 선형대수학 : 파이썬과 함께하는 선형대수학 이론과 응용,이건명,31000,https://www.hanbit.co.kr/data/books/B7926921440_m.jpg
"IT CookBook, 초연결 사회의 데이터통신과 네트워킹",강문식,29000,https://www.hanbit.co.kr/data/books/B4295361584_m.jpg
"IT CookBook, 쉽게 배우는 MFC 윈도우 프로그래밍","김선우 , 신화선",30000,https://www.hanbit.co.kr/data/books/B3126325886_m.jpg
"IT CookBook, 인공지능 시대를 위한 컴퓨터 과학 개론",정기철,27000,https://www.hanbit.co.kr/data/books/B3715221949_m.jpg
"IT CookBook, 코틀린을 활용한 안드로이드 프로그래밍","우재남 , 유혜림",34000,https://www.hanbit.co.kr/data/books/B3055805288_m.jpg
"IT CookBook, 처음 만나는 신재생에너지",김지홍,25000,https://www.hanbit.co.kr/data/books/B4872546419_m.jpg
프리드버그 선형대수학,"스티븐 H. 프리드버그 , 아놀드 J. 인셀 , 로렌스 E. 스펜스",35000,https://www.hanbit.co.kr/data/books/B1710834745_m.jpg
"IT CookBook, CentOS 리눅스",이종원,32000,https://www.hanbit.co.kr/data/books/B8200129293_m.jpg
"Microeconomics, 6th Edition, Asia Edition","David Besanko , Ronald Braeutigam",49000,https://www.hanbit.co.kr/data/books/B8983481859_m.jpg
정서노동과 행복,이동명,23000,https://www.hanbit.co.kr/data/books/B1504869688_m.jpg
누구나 파이썬 통계분석,타니아이 히로키,26000,https://www.hanbit.co.kr/data/books/B2049588591_m.jpg
4차산업혁명시대 신노사관계론,정형일,30000,https://www.hanbit.co.kr/data/books/B8430613802_m.jpg
회계원리,"김확열 , 최상문",13000,https://www.hanbit.co.kr/data/books/B3157570293_m.jpg
제대로 배우는 MATLAB&Simulink,방성완,29000,https://www.hanbit.co.kr/data/books/B9686002641_m.jpg
의료관광론,고태규,25000,https://www.hanbit.co.kr/data/books/B7188500937_m.jpg
공학도를 위한 경영 : 4차 산업혁명 시대,하귀룡,25000,https://www.hanbit.co.kr/data/books/B9775723468_m.jpg
EXCEL로 구현해 보는 행렬회계,정용기,30000,https://www.hanbit.co.kr/data/books/B6781425210_m.jpg
벤처창업과 투자전략(개정판),정종용,22000,https://www.hanbit.co.kr/data/books/B2429458810_m.jpg
최신 마케팅,"고인곤 , 성정연 , 이성철 , 이승희 , 장형유 , 허남일",30000,https://www.hanbit.co.kr/data/books/B4308925888_m.jpg
"SWedu 011, 앱 인벤터(2판) : 쉽고 재미있게 만드는 앱 프로그래밍",이종원,24000,https://www.hanbit.co.kr/data/books/B9926708672_m.jpg
"IT CookBook, 컴파일러의 이해 : 내공 있는 프로그래머로 길러주는 (증보판)",박두순,27000,https://www.hanbit.co.kr/data/books/B3710025332_m.jpg
"IT CookBook, 운영체제론 : Operating Systems, 3rd Ed","하비 디텔 , 폴 디텔 , 데이빗 쇼픈스",32000,https://www.hanbit.co.kr/data/books/B8424694196_m.jpg
처음 배우는 통계학,"이호선 , 유현미 , 김종배",27000,https://www.hanbit.co.kr/data/books/B4752093366_m.jpg
기초수학 : Basic Mathematics(2판),이재원,20000,https://www.hanbit.co.kr/data/books/B8928200501_m.jpg
"IT CookBook, 4차 산업혁명 시대의 정보통신개론",고응남,25000,https://www.hanbit.co.kr/data/books/B8030074555_m.jpg
"IT CookBook, UI 디자인과 프로토타이핑을 위한 Adobe XD",이영주,27000,https://www.hanbit.co.kr/data/books/B6282611417_m.jpg
"IT CookBook, UI/UX 디자인 이론과 실습 with Adobe XD",이영주,28000,https://www.hanbit.co.kr/data/books/B5034837432_m.jpg
"IT CookBook, 객체 지향 설계와 분석을 위한 UML 기초와 응용","한정수 , 김귀정",24000,https://www.hanbit.co.kr/data/books/B5940484819_m.jpg
"IT CookBook, 리눅스 실습 for Beginner",우재남,24000,https://www.hanbit.co.kr/data/books/B7654754187_m.jpg
"IT CookBook, 비주얼 베이직 2019 입문",임관철,25000,https://www.hanbit.co.kr/data/books/B7950684957_m.jpg
"IT CookBook, 스크래치로 배우는 컴퓨팅 사고","조성호 , 고광일",21000,https://www.hanbit.co.kr/data/books/B4364942864_m.jpg
"IT CookBook, 엑셀로 배우는 데이터 분석",박주미,21000,https://www.hanbit.co.kr/data/books/B4833189042_m.jpg
"IT CookBook, 초연결 사회를 위한 컴퓨터 개론",조성호,26000,https://www.hanbit.co.kr/data/books/B5719967617_m.jpg
NO BULLSHIT 선형대수학 가이드,Ivan Savov,28000,https://www.hanbit.co.kr/data/books/B7592712794_m.jpg
NO BULLSHIT 수학&물리 가이드,Ivan Savov,28000,https://www.hanbit.co.kr/data/books/B5203031354_m.jpg
정보교과교육론(2판),"이태욱 , 최현종 , 전용주",27000,https://www.hanbit.co.kr/data/books/B6849591729_m.jpg
실무로 완성하는 PLC(멜섹Q) : 서보를 이용한 위치 제어,정완보,28000,https://www.hanbit.co.kr/data/books/B2605474779_m.jpg
"College Physics, 5th Edition",Alan Giambattista,52000,https://www.hanbit.co.kr/data/books/B9180202013_m.jpg
Stata로 끝내는 논문,정규형,25000,https://www.hanbit.co.kr/data/books/B3185671675_m.jpg
"Business Statistics: For Contemporary Decision Making, 10th Edition, Asia Edition",Ken Black,49000,https://www.hanbit.co.kr/data/books/B6126989977_m.jpg
"IT CookBook, 유닉스 이론과 실습(3판)","이종원 , 윤소정",25000,https://www.hanbit.co.kr/data/books/B5831919949_m.jpg
"IT CookBook, 경영경제통계학",유영태,28000,https://www.hanbit.co.kr/data/books/B5278777183_m.jpg
"Swedu, 정보적 사고에서 인공 지능까지",김현철,19000,https://www.hanbit.co.kr/data/books/B3728557800_m.jpg
"IT CookBook, 문제 해결력을 키우는 디자인 씽킹","이정현 , 송태란",22000,https://www.hanbit.co.kr/data/books/B9612881797_m.jpg
직무·인사시스템과 인적자원관리,이춘우,32000,https://www.hanbit.co.kr/data/books/B2221382448_m.jpg
경영이란 무엇인가,이건창,20000,https://www.hanbit.co.kr/data/books/B7983719797_m.jpg
K-IFRS 회계 트래킹,최진현,25000,https://www.hanbit.co.kr/data/books/B5914143880_m.jpg
자재 재고관리 이론과 실제,김정,15000,https://www.hanbit.co.kr/data/books/B8168612595_m.jpg
"IT CookBook, 모두를 위한 R 데이터 분석 입문",오세종,26000,https://www.hanbit.co.kr/data/books/B1274323702_m.jpg
경영조직론,"변상우 , 박형근",27000,https://www.hanbit.co.kr/data/books/B6868517722_m.jpg
쉽고 재미있는 창업회계,"정재권 , 이장희 , 곽종민",28000,https://www.hanbit.co.kr/data/books/B7252342834_m.jpg
의사결정을 위한 현대통계학,"강병서 , 조철호 , 이은지 , 김병희",30000,https://www.hanbit.co.kr/data/books/B2675016391_m.jpg
인적자원관리,"변상우 , 윤두열",28000,https://www.hanbit.co.kr/data/books/B1462862435_m.jpg
인적자원관리론,"양춘희 , 신형재 , 권용만 , 정용배",27000,https://www.hanbit.co.kr/data/books/B7631390873_m.jpg
"IT CookBook, 최신 컴퓨터 구조","임석구 , 홍경호",28000,https://www.hanbit.co.kr/data/books/B9011295374_m.jpg
"IT CookBook , MySQL로 배우는 데이터베이스 개론과 실습","박우창 , 남송휘 , 이현룡",27000,https://www.hanbit.co.kr/data/books/B8548562053_m.jpg
그림으로 배우는 기초통계학(제4판),박상규,27000,https://www.hanbit.co.kr/data/books/B7656319340_m.jpg
"IT CookBook, HTML5 웹 프로그래밍 입문(3판)",윤인성,26000,https://www.hanbit.co.kr/data/books/B4831829497_m.jpg
"IT CookBook, 컴퓨터 활용과 실습 2016",김주영,24000,https://www.hanbit.co.kr/data/books/B7788298579_m.jpg
"IT Cookbook, 처음 만나는 전자회로",황형수,24000,https://www.hanbit.co.kr/data/books/B7636882348_m.jpg
스트랭 미분방정식과 선형대수학,Gilbert Strang,30000,https://www.hanbit.co.kr/data/books/B7036218168_m.jpg
"IT CookBook, 네트워크 개론(3판)",진혜진,25000,https://www.hanbit.co.kr/data/books/B7721595096_m.jpg
"IT CookBook, 텐서플로로 배우는 딥러닝","박혜정 , 석경하 , 심주용 , 황창하",27000,https://www.hanbit.co.kr/data/books/B7171549963_m.jpg
"IT CookBook, 파워포인트 2016",김지연,19000,https://www.hanbit.co.kr/data/books/B5536627282_m.jpg
"SWedu, 스크래치 3.0 : 컴퓨팅 사고력을 키우는 블록 코딩",고광일,22000,https://www.hanbit.co.kr/data/books/B7696109270_m.jpg
"IT CookBook, design school 포토샵 & 일러스트레이터 CC 2019",이영주,23000,https://www.hanbit.co.kr/data/books/B8501117330_m.jpg
"IT CookBook, PHP 프로그래밍 입문(3판)",황재호,25000,https://www.hanbit.co.kr/data/books/B5451383444_m.jpg
칼만 필터는 어렵지 않아 with MATLAB Examples,김성필,26000,https://www.hanbit.co.kr/data/books/B4956047798_m.jpg
"IT CookBook, R로 배우는 데이터 과학","양윤석 , 오일석 , 강래형",27000,https://www.hanbit.co.kr/data/books/B2093037271_m.jpg
"IT CookBook, design school 포토샵 CC 2019",이영주,22000,https://www.hanbit.co.kr/data/books/B7322961018_m.jpg
마켓 4.0시대의 마케팅원론,"신건철 , 김종락 , 박지형 , 김시영",34000,https://www.hanbit.co.kr/data/books/B9813152923_m.jpg
경영학원론(제5판),이기호,24000,https://www.hanbit.co.kr/data/books/B2241972333_m.jpg
마켓 4.0시대의 온라인 커머스전략,김종락,26000,https://www.hanbit.co.kr/data/books/B2095948575_m.jpg
세계화 4.0 시대의 무역개론(제6판),이장로,29000,https://www.hanbit.co.kr/data/books/B1193134182_m.jpg
제대로 알고 쓰는 논문 통계분석 : SPSS & AMOS (개정증보판),노경섭,28000,https://www.hanbit.co.kr/data/books/B3589179269_m.jpg
이산수학 : tool 중심으로 이해하는 새로운 시각,박두순,24000,https://www.hanbit.co.kr/data/books/B2655820328_m.jpg
"IT CookBook, 따라 하면서 배우는 마이크로컨트롤러",허경용,28000,https://www.hanbit.co.kr/data/books/B7331189700_m.jpg
스트랭 미분적분학,Gilbert Strang,34000,https://www.hanbit.co.kr/data/books/B6770761409_m.jpg
"IT CookBook, 데이터 과학을 위한 파이썬 프로그래밍",최성철,25000,https://www.hanbit.co.kr/data/books/B3659877244_m.jpg
"IT CookBook, 데이터베이스 for Beginner",우재남,24000,https://www.hanbit.co.kr/data/books/B6309667232_m.jpg
한번에 통과하는 논문 : AMOS 구조방정식 활용과 SPSS 고급 분석,히든그레이스 논문통계팀,28000,https://www.hanbit.co.kr/data/books/B6251835089_m.jpg
공학도라면 반드시 알아야 할 최소한의 과학,John Bird,24000,https://www.hanbit.co.kr/data/books/B8546209999_m.jpg
"IT CookBook, 전공자를 위한 C 언어 프로그래밍",주우석,29000,https://www.hanbit.co.kr/data/books/B9734986316_m.jpg
"IT CookBook, design school 프리미어 프로 CC",강재신,25000,https://www.hanbit.co.kr/data/books/B2802443473_m.jpg
"IT CookBook, design school 일러스트레이터 CC",이영주,23000,https://www.hanbit.co.kr/data/books/B6528837069_m.jpg
"IT CookBook, 모바일 & 데스크톱을 위한 웹 기획 프로세스",강은정,24000,https://www.hanbit.co.kr/data/books/B7815341515_m.jpg
"IT CookBook, 시스템 해킹과 보안(3판)",양대일,27000,https://www.hanbit.co.kr/data/books/B3283906872_m.jpg
"IT CookBook, 자바 프로그래밍 for Beginner",우재남,26000,https://www.hanbit.co.kr/data/books/B2486465157_m.jpg
"IT CookBook, 쉽게 배우는 JSP 웹 프로그래밍",송미영,27000,https://www.hanbit.co.kr/data/books/B7883656935_m.jpg
NCS를 기반으로 한 직무 기초수학,"이광연 , 조성훈 , 최상일",22000,https://www.hanbit.co.kr/data/books/B4743554662_m.jpg
수치해석학 바이블,"Ward Cheney , David Kincaid",34000,https://www.hanbit.co.kr/data/books/B2985687596_m.jpg
MATLAB으로 배우는 공학 수치해석(개정판),방성완,24000,https://www.hanbit.co.kr/data/books/B9631702376_m.jpg
"IT CookBook, 모바일 UI/UX 디자인 실무",이영주,28000,https://www.hanbit.co.kr/data/books/B1065544454_m.jpg
"IT CookBook, R로 배우는 딥러닝","박혜정 , 석경하 , 심주용 , 황창하",23000,https://www.hanbit.co.kr/data/books/B6991848765_m.jpg
"SWedu, 엔트리파이선","정영식 , 홍은미 , 김슬기 , 김성훈",22000,https://www.hanbit.co.kr/data/books/B4609297755_m.jpg
"IT CookBook, 엑셀 2016",김지연,19000,https://www.hanbit.co.kr/data/books/B8712296509_m.jpg
만만한 통계 : Excel 활용,닐 샐카인드(Neil J. Salkind),26000,https://www.hanbit.co.kr/data/books/B4290613609_m.jpg
수식이 보이는 공학수학 : Engineering Mathematics (개정판),장윤석,24000,https://www.hanbit.co.kr/data/books/B8821819707_m.jpg
2030 젊은이에게 전하고픈 삶의 법칙들,김종배,22000,https://www.hanbit.co.kr/data/books/B1029138056_m.jpg
"IT CookBook, 핵심이 보이는 전자회로 with PSPICE(개정판)",신경욱,32000,https://www.hanbit.co.kr/data/books/B1862189009_m.jpg
MOS 2016 액세스,"김경희 , 오해강",14000,https://www.hanbit.co.kr/data/books/B2327630283_m.jpg
MATLAB으로 배우는 공학수학 : Engineering Mathematics (개정판),소상균,28000,https://www.hanbit.co.kr/data/books/B7734838759_m.jpg
한번에 통과하는 논문 : SPSS 결과표 작성과 해석 방법,히든그레이스 논문통계팀,23000,https://www.hanbit.co.kr/data/books/B6318137900_m.jpg
"IT CookBook, C++ 트레이닝",김상형,26000,https://www.hanbit.co.kr/data/books/B7818919239_m.jpg
국제경영(제7판),"이장로 , 신만수",40000,https://www.hanbit.co.kr/data/books/B1699848413_m.jpg
4차 산업혁명 시대의 기업 혁신을 위한 비즈니스 프로세스,"정승렬 , 이정규",29000,https://www.hanbit.co.kr/data/books/B7727966206_m.jpg
"IT CookBook, 핵심이 보이는 제어공학(개정판)",김성중,26000,https://www.hanbit.co.kr/data/books/B6316170701_m.jpg
엑셀2016기초+실무활용,윤종찬,20000,https://www.hanbit.co.kr/data/books/B1040819713_m.jpg
"IT CookBook, 우분투 리눅스(개정판)",이종원,31000,https://www.hanbit.co.kr/data/books/B1192694090_m.jpg
글로벌 수출마케팅,권영철,25000,https://www.hanbit.co.kr/data/books/B2818577102_m.jpg
4차산업혁명시대의 경영정보시스템,김세중,29000,https://www.hanbit.co.kr/data/books/B2504849608_m.jpg
현대재무관리(전정7판),조담,33000,https://www.hanbit.co.kr/data/books/B5679811608_m.jpg
쉽고 빠르게 합격하는 COS 2급,이연란,16200,https://www.hanbit.co.kr/data/books/B4622526661_m.jpg
생각하며 배우는 대학물리학,이기영,30000,https://www.hanbit.co.kr/data/books/B7610848743_m.jpg
"IT CookBook, 소프트웨어 세상을 여는 컴퓨터 과학",김종훈,22000,https://www.hanbit.co.kr/data/books/B6848206359_m.jpg
"IT CookBook, 쉽게 배우는 알고리즘(개정판)",문병로,27000,https://www.hanbit.co.kr/data/books/B7707942187_m.jpg
MOS 2016 아웃룩,"김경희 , 오해강",14000,https://www.hanbit.co.kr/data/books/B6458371997_m.jpg
"IT CookBook, 확률과 랜덤 과정",정호영,23000,https://www.hanbit.co.kr/data/books/B1280986753_m.jpg
"IT CookBook, 기초부터 시작하는 PLC: 지멘스 S7-1500",정완보,23000,https://www.hanbit.co.kr/data/books/B4072673691_m.jpg
미분적분학 에센스,제임스 스튜어트,28000,https://www.hanbit.co.kr/data/books/B1088651249_m.jpg
미분적분학 바이블,제임스 스튜어트,36000,https://www.hanbit.co.kr/data/books/B1246753904_m.jpg
"IT CookBook, 기초 회로이론(개정 2판)",최윤식,24000,https://www.hanbit.co.kr/data/books/B9875122756_m.jpg
"IT CookBook , 엑셀과 파워포인트 2016",김지연,22000,https://www.hanbit.co.kr/data/books/B1717056238_m.jpg
"IT CookBook, 기본 개념과 핵심 원리로 배우는 C++ 프로그래밍",김화수,28000,https://www.hanbit.co.kr/data/books/B5011871658_m.jpg
"SWedu, 파이선으로 쉽게 배우는 프로그래밍 입문",조인석,21000,https://www.hanbit.co.kr/data/books/B5142076444_m.jpg
"IT CookBook, 단계별로 배우는 안드로이드 프로그래밍",김선우,35000,https://www.hanbit.co.kr/data/books/B1386490527_m.jpg
기계 학습,오일석,32000,https://www.hanbit.co.kr/data/books/B4606522972_m.jpg
"IT CookBook, C 언어 트레이닝",김상형,25000,https://www.hanbit.co.kr/data/books/B5788205152_m.jpg
"IT CookBook, 전기전자공학 개론(개정 6판)","Stan Gibilisco , Simon Monk",32000,https://www.hanbit.co.kr/data/books/B5902347139_m.jpg
"IT CookBook, 핵심이 보이는 전자회로 실험 with PSPICE",신경욱,25000,https://www.hanbit.co.kr/data/books/B8847013944_m.jpg
"IT CookBook, 페도라 리눅스(개정판)",이종원,29000,https://www.hanbit.co.kr/data/books/B2793758329_m.jpg
금융포용과 금융약자를 위한 미래,"남주하 , 김정렬 , 김영준 , 박정수",22000,https://www.hanbit.co.kr/data/books/B5510998611_m.jpg
한번에 통과하는 논문 : 논문 검색과 쓰기 전략,히든그레이스 논문통계팀,18900,https://www.hanbit.co.kr/data/books/B1780678362_m.jpg
"SWedu, 비트브릭","김경하 , 박승미 , 최선경 , 이민아 , 김진선 , 강병수 , 이신영",19000,https://www.hanbit.co.kr/data/books/B9711373925_m.jpg
MOS 2016 워드 Expert,"김경희 , 오해강",14000,https://www.hanbit.co.kr/data/books/B8780433662_m.jpg
MOS 2016 엑셀 Expert,"김경희 , 오해강",14000,https://www.hanbit.co.kr/data/books/B9464832573_m.jpg
MOS 2016 파워포인트,"김경희 , 오해강",14000,https://www.hanbit.co.kr/data/books/B9739926123_m.jpg
글로벌 비즈니스 시대의 국제물류와 SCM,"신건철 , 김종락",25000,https://www.hanbit.co.kr/data/books/B9829193598_m.jpg
4차 산업혁명 시대의 경영정보시스템,이동훈,28000,https://www.hanbit.co.kr/data/books/B9196229750_m.jpg
"IT CookBook, 차세대 웹 프로그래밍",홍성용,26000,https://www.hanbit.co.kr/data/books/B8304303948_m.jpg
개념이 잡히는 디지털 전자회로,강영국,29000,https://www.hanbit.co.kr/data/books/B2301329351_m.jpg
"IT CookBook, 유닉스 시스템 프로그래밍",이종원,25000,https://www.hanbit.co.kr/data/books/B1514465563_m.jpg
문과생도 이해하는 전기전자수학,야마시타 아키라,20000,https://www.hanbit.co.kr/data/books/B5685822011_m.jpg
확률과 통계 입문 : Basic Probability & Statistics,이재원,20000,https://www.hanbit.co.kr/data/books/B9173393389_m.jpg
기초 미분적분학(개정판) : Pre Calculus,함남우,22000,https://www.hanbit.co.kr/data/books/B4269451663_m.jpg
"IT CookBook, 인터넷 해킹과 보안 개정3판",김경곤,25000,https://www.hanbit.co.kr/data/books/B2924064192_m.jpg
"IT CookBook, MFC 윈도우 프로그래밍",강경우,27000,https://www.hanbit.co.kr/data/books/B4952117452_m.jpg
"IT CookBook, 기초부터 시작하는 PLC : 멜섹Q",정완보,23000,https://www.hanbit.co.kr/data/books/B4058943367_m.jpg
객체지향 소프트웨어 공학,최은만,29000,https://www.hanbit.co.kr/data/books/B8800508513_m.jpg
경영학원론,"유기현 , 신형재 , 권용만",24000,https://www.hanbit.co.kr/data/books/B3417739819_m.jpg
글로벌사회와 리더십,안광현,25000,https://www.hanbit.co.kr/data/books/B5907856535_m.jpg
기초 공업수학,마인숙,20000,https://www.hanbit.co.kr/data/books/B6678975190_m.jpg
K-IFRS 적용 원가관리회계,조군제,29000,https://www.hanbit.co.kr/data/books/B3017337122_m.jpg
"IT CookBook, 반도체 공학(개정판)",김동명,35000,https://www.hanbit.co.kr/data/books/B6483234235_m.jpg
"IT CookBook, 기초 통신이론",김영길,22000,https://www.hanbit.co.kr/data/books/B1464217939_m.jpg
데이터 아이코놀로지,박진완,26000,https://www.hanbit.co.kr/data/books/B2919166059_m.jpg
최신 노사관계론,"민경호 , 정성진",25000,https://www.hanbit.co.kr/data/books/B7502279339_m.jpg
기본에 충실한 원가회계,"박범호 , 이유 , 전하성 , 오준환 , 윤세현",26000,https://www.hanbit.co.kr/data/books/B1102255241_m.jpg
easy LED : 초보자를 위한 LED 가이드북,홍순관,18000,https://www.hanbit.co.kr/data/books/B4054753585_m.jpg
"IT CookBook, 디지털 시스템 설계 및 실습 with VHDL & Verilog HDL",노승환,25000,https://www.hanbit.co.kr/data/books/B8979197697_m.jpg
"IT CookBook, 기초 전기전자 에센스","모현선 , 장성용 , 홍익표",25000,https://www.hanbit.co.kr/data/books/B7881729810_m.jpg
"IT CookBook, 비주얼 베이직 2015 for Beginner",임관철,24000,https://www.hanbit.co.kr/data/books/B7031689061_m.jpg
"IT CookBook, 네트워크 해킹과 보안 개정3판 : 정보 보안 개론과 실습",양대일,26000,https://www.hanbit.co.kr/data/books/B2228799661_m.jpg
"IT CookBook, 쉽게 배우는 데이터 통신과 컴퓨터 네트워크 (개정판)",박기현,27000,https://www.hanbit.co.kr/data/books/B3980824801_m.jpg
"IT CookBook, HTML & CSS for Beginner",황재호,23000,https://www.hanbit.co.kr/data/books/B3308171786_m.jpg
경제발전론과 현대중국,나까가네 카츠지,21000,https://www.hanbit.co.kr/data/books/B8232393820_m.jpg
"SWedu, 컴퓨팅 사고력을 키우는 SW 교육 : 엔트리 & 햄스터","황준 , 박광현 , 이웅재 , 최은정 , 고혜영 , 이재호 , 손예진 , 조민주",20000,https://www.hanbit.co.kr/data/books/B3359290570_m.jpg
인간중심의 사용성평가,박형근,25000,https://www.hanbit.co.kr/data/books/B7632516600_m.jpg
"IT CookBook, 인터넷 윤리","최희식 , 김상균",22000,https://www.hanbit.co.kr/data/books/B1505901052_m.jpg
현장중심 창업의 이해,"임재석 , 최인식 , 조준호 , 염현숙",25000,https://www.hanbit.co.kr/data/books/B6119971524_m.jpg
파이썬으로 배우는 프로그래밍 기초,크리스 로피,13000,https://www.hanbit.co.kr/data/books/B6950900171_m.jpg
"IT CookBook, 자바 프로그래밍 바이블","오경주 , 염기호 , 정용훈",29000,https://www.hanbit.co.kr/data/books/B9034471839_m.jpg
현대경영과학(8판),김세헌,35000,https://www.hanbit.co.kr/data/books/B8687147397_m.jpg
제대로 알고 쓰는 R 통계분석,이윤환,25000,https://www.hanbit.co.kr/data/books/B7014039221_m.jpg
"IT CookBook, 처음 만나는 디지털 논리회로","임석구 , 홍경호",22000,https://www.hanbit.co.kr/data/books/B4474033401_m.jpg
"SWedu, 컴퓨팅 사고력을 키우는 SW 교육 : 파이썬",우재남,22000,https://www.hanbit.co.kr/data/books/B1351480843_m.jpg
"IT CookBook, 기초 신호 및 시스템",이철희,26000,https://www.hanbit.co.kr/data/books/B3271703395_m.jpg
생생한 사례로 배우는 확률과 통계,이재원,25000,https://www.hanbit.co.kr/data/books/B8349372750_m.jpg
공학과 경영,김상균,26000,https://www.hanbit.co.kr/data/books/B3413755293_m.jpg
"IT CookBook, 운영체제(개정3판)",구현회,27000,https://www.hanbit.co.kr/data/books/B3239422381_m.jpg
"IT CookBook, 처음 만나는 전자기학",곽동주,23000,https://www.hanbit.co.kr/data/books/B4081980299_m.jpg
IT 해외 취업 가이드 : 미국편,송기봉,18000,https://www.hanbit.co.kr/data/books/B9311856796_m.jpg
"IT CookBook, 따라 하면서 배우는 아두이노",허경용,26000,https://www.hanbit.co.kr/data/books/B5073504555_m.jpg
온라인 유통마케팅,신광수,40000,https://www.hanbit.co.kr/data/books/B8053492377_m.jpg
스크래치를 활용한 문제해결능력 향상,김종훈,9000,https://www.hanbit.co.kr/data/books/B1665004188_m.jpg
인적자원관리론(개정판),윤두열,28000,https://www.hanbit.co.kr/data/books/B8871492181_m.jpg
대학생을 위한 스크래치 프로그래밍 : 누구나 할 수 있는 가장 쉬운 프로그래밍 입문서,김종훈,18000,https://www.hanbit.co.kr/data/books/B3595032599_m.jpg
최신 공학수학 with Sage Ⅱ,"이상구 , 김영록 , 박준현 , 김응기 , 이재화",23000,https://www.hanbit.co.kr/data/books/B5915311999_m.jpg
"IT CookBook, 최신 이동통신 입문 : Mobile Communications",Jochen H. Schiller,28000,https://www.hanbit.co.kr/data/books/B5682656095_m.jpg
"IT CookBook, 쉬운 영어로 읽는 최신 전산 영어(개정3판)",조준모,17000,https://www.hanbit.co.kr/data/books/B2509619087_m.jpg
"IT CookBook, 데이터베이스 기초와 실습 : 액세스 2013",김지연,25000,https://www.hanbit.co.kr/data/books/B6734301287_m.jpg
"IT CookBook, 컴퓨터 사이언스(개정판) : 새내기를 위한 최신 컴퓨터 개론","이동명 , 권오현 , 고정국",24000,https://www.hanbit.co.kr/data/books/B5566366165_m.jpg
"IT CookBook, 핵심이 보이는 반도체 공학",권기영,28000,https://www.hanbit.co.kr/data/books/B3682658310_m.jpg
"IT CookBook, 시스템 분석과 설계(개정판) : 효과적인 비즈니스 정보시스템 개발",허원실,25000,https://www.hanbit.co.kr/data/books/B5902077493_m.jpg
"IT CookBook, JUST JAVA : 객체지향에 충실한 자바다운 자바",황희정,25000,https://www.hanbit.co.kr/data/books/B7801693300_m.jpg
"IT CookBook, UI/UX 디자인 이론과 실습",이영주,27000,https://www.hanbit.co.kr/data/books/B3779447368_m.jpg
"IT CookBook, 정보보안 이론과 실제",마크 스탬프,25000,https://www.hanbit.co.kr/data/books/B6881549218_m.jpg
문제로 익히는 영문회계기초,윤승준,18000,https://www.hanbit.co.kr/data/books/B8107619246_m.jpg
"IT CookBook, 리눅스 프로그래밍 기초 : 시스템 호출, 라이브러리 함수별 실습","최태영 , 황준하 , 고재필 , 윤현주 , 김용호",20000,https://www.hanbit.co.kr/data/books/B4708665162_m.jpg
앱 인벤터 2 : 구글과 MIT 앱 인벤터 개발팀이 안내하는 안드로이드 프로그래밍,"David Wolber , Hal Abelson , Ellen Spertus , Liz Looney",24000,https://www.hanbit.co.kr/data/books/B7760481888_m.jpg
easy LTE : 초보 기술자를 위한 이동통신 가이드북,이상근,23000,https://www.hanbit.co.kr/data/books/B6075625565_m.jpg
"창의와 혁신의 시크릿, 트리즈 : Training How To Think Inventively",김은경,23000,https://www.hanbit.co.kr/data/books/B4050905352_m.jpg
"IT CookBook, 핵심 API로 배우는 윈도우 프로그래밍",강경우,26000,https://www.hanbit.co.kr/data/books/B5473016524_m.jpg
MATLAB으로 배우는 선형대수학 : Linear Algebra with MATLAB,"이광연 , 설한국",27000,https://www.hanbit.co.kr/data/books/B2566132640_m.jpg
창의융합 프로젝트 아이디어북 : Creative Convergence Capstone Design with PBL,조준동,24000,https://www.hanbit.co.kr/data/books/B1663310151_m.jpg
"IT CookBook, XML 프로그래밍 : 체계적으로 배우는 XML 원리와 응용",홍성용,27000,https://www.hanbit.co.kr/data/books/B2753041424_m.jpg
전공이 보이는 미분적분학: FOR ELECTRICAL & ELECTRONIC ENGINEERS,장윤석,22000,https://www.hanbit.co.kr/data/books/B1869193715_m.jpg
"IT CookBook, Play 포토샵",원다예,22000,https://www.hanbit.co.kr/data/books/B2903606288_m.jpg
"IT CookBook, 엑셀과 파워포인트 2013 개정판",강동진 외 4,22000,https://www.hanbit.co.kr/data/books/B4362196852_m.jpg
한국경제의 이해,주성환,25000,https://www.hanbit.co.kr/data/books/B9287255068_m.jpg
"IT CookBook, C C++로 배우는 자료구조론",주우석,23000,https://www.hanbit.co.kr/data/books/B8043042587_m.jpg
"IT CookBook, 광통신 공학 : MATLAB과 함께하는 광통신 시스템",이종형,28000,https://www.hanbit.co.kr/data/books/B7266175346_m.jpg
글로벌경영론,박기안,27000,https://www.hanbit.co.kr/data/books/B9510636094_m.jpg
"IT CookBook, 디지털 영상처리 입문 : 오감을 자극하는 3차원 입체 학습","신종홍 , 장선봉 , 지인호",25000,https://www.hanbit.co.kr/data/books/B6521479715_m.jpg
"IT CookBook, 엑셀 2013 : 기본 기능부터 실무 활용까지",하숙정,20000,https://www.hanbit.co.kr/data/books/B6114501113_m.jpg
"IT CookBook, 컴퓨터 활용과 실습 : 컴퓨터 기초, 한글 2014, 엑셀 2013, 파워포인트 2013",김주영,22000,https://www.hanbit.co.kr/data/books/B2372188250_m.jpg
"IT CookBook, 핵심이 보이는 신호 및 시스템 : 기본 이론부터 MATLAB 실습까지",이철희,28000,https://www.hanbit.co.kr/data/books/B9532349674_m.jpg
"IT CookBook, 실전에 강한 PLC : 기본 이론부터 실습까지",정완보,20000,https://www.hanbit.co.kr/data/books/B5738032387_m.jpg
"IT CookBook, 원리로 이해하는 통신이론 : Analog & Digital Communications",한동석,24000,https://www.hanbit.co.kr/data/books/B4223880853_m.jpg
"IT CookBook, 파워포인트 2013 : 기본 기능부터 프레젠테이션 스킬까지 한번에!","채종서 , 차유빈",20000,https://www.hanbit.co.kr/data/books/B7120686001_m.jpg
"IT CookBook, Compact C 프로그래밍",김충석,24000,https://www.hanbit.co.kr/data/books/B7895294901_m.jpg
"IT CookBook, 한글 2014 for Beginner",양숙희,10000,https://www.hanbit.co.kr/data/books/B4828169719_m.jpg
"IT CookBook, 엑셀 2013 for Beginner",양숙희,10000,https://www.hanbit.co.kr/data/books/B4473515743_m.jpg
"IT CookBook, 워드 2013 for Beginner",최희식,10000,https://www.hanbit.co.kr/data/books/B3267030376_m.jpg
"IT CookBook, 파워포인트 2013 for Beginner",최희식,10000,https://www.hanbit.co.kr/data/books/B6925630116_m.jpg
이자론 중심으로 배우는 금융수학 : 보험계리사 시험 대비,이재원,26000,https://www.hanbit.co.kr/data/books/B9318287196_m.jpg
"IT CookBook, 쉽게 배우는 유전 알고리즘 : 진화적 접근법",문병로,23000,https://www.hanbit.co.kr/data/books/B8031919328_m.jpg
"IT CookBook, 컴퓨터 아키텍처 : 컴퓨터 구조 및 동작 원리",우종정,26000,https://www.hanbit.co.kr/data/books/B9907946406_m.jpg
"IT CookBook, 초보자의 첫 번째 한글 2010",양숙희,10000,https://www.hanbit.co.kr/data/books/B6222840053_m.jpg
"IT CookBook, C 언어로 배우는 8051 마이크로프로세서",임석구,25000,https://www.hanbit.co.kr/data/books/B8876686581_m.jpg
"IT CookBook, 회로이론 : Circuits","Fawwaz T. Ulaby , Michel M. Maharbiz",34000,https://www.hanbit.co.kr/data/books/B7077591548_m.jpg
"Introduction To Algorithms, Third Edition","토머스 코멘 , 찰스 레이서손 , 로날드 리베스트 , 클리포드 스타인",47000,https://www.hanbit.co.kr/data/books/B8210609999_m.jpg
공학 기초수학 : Basic Mathematics for Engineering,함남우,18000,https://www.hanbit.co.kr/data/books/B2702413773_m.jpg
"IT CookBook, 컴퓨터 비전",오일석,35000,https://www.hanbit.co.kr/data/books/B4536726709_m.jpg
설계 프로세스로 배우는 창의적 공학설계,노승환,20000,https://www.hanbit.co.kr/data/books/B9503457330_m.jpg
"IT CookBook, 빅데이터 컴퓨팅 기술","박두순 , 문양세 , 박영호 , 윤찬현 , 정영식 , 장형석",22000,https://www.hanbit.co.kr/data/books/B8455298888_m.jpg
"IT CookBook, 단계별로 배우는 전자회로 실험 : 기본 소자부터 응용 회로까지",이강윤,22000,https://www.hanbit.co.kr/data/books/B2320847505_m.jpg
"IT CookBook, CMOS 디지털 집적회로 설계 : 기본 이론부터 실습까지",신경욱,26000,https://www.hanbit.co.kr/data/books/B6468312423_m.jpg
"IT CookBook, 인터넷 이해와 활용 : 인터넷 기초부터 홈페이지 제작까지(개정2판)","안치현 , 김형철",22000,https://www.hanbit.co.kr/data/books/B5798131559_m.jpg
"IT CookBook, 엑셀 2010 실무와 활용",전미진,19000,https://www.hanbit.co.kr/data/books/B2233165748_m.jpg
"IT CookBook, 엑셀과 파워포인트 2010 실무와 활용","전미진 , 고경희",21000,https://www.hanbit.co.kr/data/books/B6650420606_m.jpg
"IT CookBook, 파워포인트 2010 실무와 활용",고경희,19000,https://www.hanbit.co.kr/data/books/B7173797478_m.jpg
"IT CookBook, 초보자의 첫 번째 워드 2010",최희식,10000,https://www.hanbit.co.kr/data/books/B2511081846_m.jpg
"IT CookBook, New 인터넷 이해와 활용",김경신,25000,https://www.hanbit.co.kr/data/books/B3655897114_m.jpg
"IT CookBook, 실감나게 배우는 제어공학","한수희 , 이영삼 , 권보규 , 권오규 , 권욱현",28000,https://www.hanbit.co.kr/data/books/B6528954340_m.jpg
"IT CookBook, 디지털 공학 : 논리회로의 설계 원리","김대정 , 모현선",28000,https://www.hanbit.co.kr/data/books/B6057054784_m.jpg
대학수학 Plus : University Mathematics,이재원,26000,https://www.hanbit.co.kr/data/books/B1255680631_m.jpg
연구조사방법론 SPSS와 AMOS 활용(개정증보판),강병서,24000,https://www.hanbit.co.kr/data/books/B9532142503_m.jpg
혁신시대의 경쟁력 강화를 위한 경영전략,민경호,23000,https://www.hanbit.co.kr/data/books/B4524214749_m.jpg
갈등관리와 협상,신군재,15000,https://www.hanbit.co.kr/data/books/B3248924786_m.jpg
"IT CookBook, 단계별로 따라하며 배우는 디지털 공학 실험","이승호 , 민경옥",22000,https://www.hanbit.co.kr/data/books/B2882803092_m.jpg
기초 확률과 통계 : BASIC PROBABILITY & STATISTICS,박대수,18000,https://www.hanbit.co.kr/data/books/B6285379134_m.jpg
"IT CookBook, 전자기학 : ELECTROMAGNETICS","Arlon T. Adams , Jay Kyoon Lee(이재균)",30000,https://www.hanbit.co.kr/data/books/B6832080701_m.jpg
"IT CookBook, OpenGL로 배우는 3차원 컴퓨터 그래픽스",주우석,38000,https://www.hanbit.co.kr/data/books/B1779572378_m.jpg
"IT CookBook, 인공지능 개론",마이클 네그네빗스키,25000,https://www.hanbit.co.kr/data/books/B4452267120_m.jpg
"IT CookBook, 현대 반도체 소자 공학 : Modern Semiconductor Devices for Integrated Circuits",첸밍 후(Chenming Calvin Hu),25000,https://www.hanbit.co.kr/data/books/B4437479640_m.jpg
"IT CookBook, enjoy design 포토샵 CS6",이영주,25000,https://www.hanbit.co.kr/data/books/B4766012924_m.jpg
"IT CookBook, TCP/IP 윈도우 소켓 프로그래밍",김선우,25000,https://www.hanbit.co.kr/data/books/B1196865370_m.jpg
"IT CookBook, 초보자의 첫 번째 파워포인트 2010",최희식,10000,https://www.hanbit.co.kr/data/books/B9156551300_m.jpg
"IT CookBook, 전자회로 : 핵심 개념부터 응용까지","강문식 , 신경욱",32000,https://www.hanbit.co.kr/data/books/B6321337440_m.jpg
"IT CookBook, 마이크로컨트롤러 AVR ATmega128 : 상태도를 이용한 시스템 설계",이상설,29000,https://www.hanbit.co.kr/data/books/B8437590353_m.jpg
"IT CookBook, 자바로 배우는 쉬운 자료구조",이지영,24800,https://www.hanbit.co.kr/data/books/B6297351572_m.jpg
"IT CookBook, 프로그래밍 언어론 : 쉽게 배우는 언어의 원리와 구조","김종훈 , 김종진",20000,https://www.hanbit.co.kr/data/books/B2476698303_m.jpg
"IT CookBook, C++ 하이킹 : 객체지향과 만나는 여행","성윤정 , 김태은",25000,https://www.hanbit.co.kr/data/books/B6899203363_m.jpg
"IT CookBook, 반도체 공학 연습문제 풀이집",김동명,22000,https://www.hanbit.co.kr/data/books/B6109161061_m.jpg
"IT CookBook, C 프로그래밍","강동진, 하숙정, 임수연, 송무희, 박보석",24000,https://www.hanbit.co.kr/data/books/B9501089911_m.jpg
"IT CookBook, 컴퓨터 활용 : 윈도우 7, 한글 2010, 엑셀 2010, 파워포인트 2010","김주영 , 정영준",21000,https://www.hanbit.co.kr/data/books/B6265294795_m.jpg
"IT CookBook, 초보자의 첫 번째 엑셀 2010",양숙희,10000,https://www.hanbit.co.kr/data/books/B9471588416_m.jpg
"IT CookBook, 개념이 보이는 물리전자공학",이현용,24000,https://www.hanbit.co.kr/data/books/B5626730084_m.jpg
문제해결력을 키우는 이공계 글쓰기 : 발표와 토론까지,한성우,18000,https://www.hanbit.co.kr/data/books/B5468706684_m.jpg
Essential Calculus,James Stewart,36000,https://www.hanbit.co.kr/data/books/B4698900723_m.jpg
의사결정회계,정재권,28000,https://www.hanbit.co.kr/data/books/B3046770846_m.jpg
"IT CookBook, 디지털 통신 시스템 : Digital Communication Systems","정호영 , 임승각",25000,https://www.hanbit.co.kr/data/books/B2947348985_m.jpg
인간관계론,"유기현 , 송병선 , 권용만",25000,https://www.hanbit.co.kr/data/books/B2518997770_m.jpg
