rank,title,artist,album,img
1,I AM,IVE (아이브),I've IVE,"https://image.genie.co.kr/Y/IMAGE/IMG_ALBUM/083/665/559/83665559_1681116738103_1_140x140.JPG/dims/resize/Q_80,0"
2,Kitsch,IVE (아이브),I've IVE,"https://image.genie.co.kr/Y/IMAGE/IMG_ALBUM/083/665/559/83665559_1681116738103_1_140x140.JPG/dims/resize/Q_80,0"
3,꽃,지수 (JISOO),ME,"https://image.genie.co.kr/Y/IMAGE/IMG_ALBUM/083/687/323/83687323_1680228994484_1_140x140.JPG/dims/resize/Q_80,0"
4,Ditto,NewJeans,NewJeans 'OMG',"https://image.genie.co.kr/Y/IMAGE/IMG_ALBUM/083/325/577/83325577_1672649874616_1_140x140.JPG/dims/resize/Q_80,0"
5,CHRISTIAN,Zior Park,WHERE DOES SASQUATCH LIVE? PART 1,"https://image.genie.co.kr/Y/IMAGE/IMG_ALBUM/083/547/302/83547302_1676521029077_1_140x140.JPG/dims/resize/Q_80,0"
6,Hype boy,NewJeans,NewJeans 1st EP 'New Jeans',"https://image.genie.co.kr/Y/IMAGE/IMG_ALBUM/082/842/800/82842800_1659340238924_1_140x140.JPG/dims/resize/Q_80,0"
7,Teddy Bear,STAYC (스테이씨),Teddy Bear,"https://image.genie.co.kr/Y/IMAGE/IMG_ALBUM/083/506/719/83506719_1676363663803_1_140x140.JPG/dims/resize/Q_80,0"
8,OMG,NewJeans,NewJeans 'OMG',"https://image.genie.co.kr/Y/IMAGE/IMG_ALBUM/083/325/577/83325577_1672649874616_1_140x140.JPG/dims/resize/Q_80,0"
9,사건의 지평선,윤하 (YOUNHA),YOUNHA 6th Album Repackage 'END THEORY : Final Edition',"https://image.genie.co.kr/Y/IMAGE/IMG_ALBUM/082/614/128/82614128_1648619377015_1_140x140.JPG/dims/resize/Q_80,0"
10,I Don't Think That I Like Her,Charlie Puth,CHARLIE,"https://image.genie.co.kr/Y/IMAGE/IMG_ALBUM/082/484/273/82484273_1665067200754_1_140x140.JPG/dims/resize/Q_80,0"
11,심 (心),DK (디셈버),심 (心),"https://image.genie.co.kr/Y/IMAGE/IMG_ALBUM/083/556/186/83556186_1676621348326_1_140x140.JPG/dims/resize/Q_80,0"
12,사랑은 늘 도망가,임영웅,신사와 아가씨 OST Part.2,"https://image.genie.co.kr/Y/IMAGE/IMG_ALBUM/082/322/594/82322594_1633671778123_1_140x140.JPG/dims/resize/Q_80,0"
13,After LIKE,IVE (아이브),After LIKE,"https://image.genie.co.kr/Y/IMAGE/IMG_ALBUM/082/912/984/82912984_1661135567760_1_140x140.JPG/dims/resize/Q_80,0"
14,건물 사이에 피어난 장미,H1-KEY (하이키),H1-KEY 1st Mini Album (Rose Blossom),"https://image.genie.co.kr/Y/IMAGE/IMG_ALBUM/083/343/048/83343048_1671754828445_1_140x140.JPG/dims/resize/Q_80,0"
15,파이팅 해야지 (Feat. 이영지),부석순 (SEVENTEEN),부석순 1st Single Album 'SECOND WIND',"https://image.genie.co.kr/Y/IMAGE/IMG_ALBUM/083/519/066/83519066_1675749482269_1_140x140.JPG/dims/resize/Q_80,0"
16,우리들의 블루스,임영웅,IM HERO,"https://image.genie.co.kr/Y/IMAGE/IMG_ALBUM/082/638/032/82638032_1651479062721_1_140x140.JPG/dims/resize/Q_80,0"
17,다시 만날 수 있을까,임영웅,IM HERO,"https://image.genie.co.kr/Y/IMAGE/IMG_ALBUM/082/638/032/82638032_1651479062721_1_140x140.JPG/dims/resize/Q_80,0"
18,이제 나만 믿어요,임영웅,내일은 미스터트롯 우승자 특전곡,"https://image.genie.co.kr/Y/IMAGE/IMG_ALBUM/081/410/156/81410156_1585878705990_1_140x140.JPG/dims/resize/Q_80,0"
19,London Boy,임영웅,Polaroid,"https://image.genie.co.kr/Y/IMAGE/IMG_ALBUM/083/180/213/83180213_1668490985544_1_140x140.JPG/dims/resize/Q_80,0"
20,Attention,NewJeans,NewJeans 1st EP 'New Jeans',"https://image.genie.co.kr/Y/IMAGE/IMG_ALBUM/082/842/800/82842800_1659340238924_1_140x140.JPG/dims/resize/Q_80,0"
21,LOVE DIVE,IVE (아이브),LOVE DIVE,"https://image.genie.co.kr/Y/IMAGE/IMG_ALBUM/082/624/363/82624363_1649123068092_1_140x140.JPG/dims/resize/Q_80,0"
22,ANTIFRAGILE,LE SSERAFIM (르세라핌),ANTIFRAGILE,"https://image.genie.co.kr/Y/IMAGE/IMG_ALBUM/083/082/184/83082184_1665969939180_1_140x140.JPG/dims/resize/Q_80,0"
23,Polaroid,임영웅,Polaroid,"https://image.genie.co.kr/Y/IMAGE/IMG_ALBUM/083/180/213/83180213_1668490985544_1_140x140.JPG/dims/resize/Q_80,0"
24,무지개,임영웅,IM HERO,"https://image.genie.co.kr/Y/IMAGE/IMG_ALBUM/082/638/032/82638032_1651479062721_1_140x140.JPG/dims/resize/Q_80,0"
25,VIBE (Feat. Jimin of BTS),태양,VIBE,"https://image.genie.co.kr/Y/IMAGE/IMG_ALBUM/083/428/324/83428324_1673571952840_1_140x140.JPG/dims/resize/Q_80,0"
26,Dangerously,Charlie Puth,Nine Track Mind (Deluxe Edition),"https://image.genie.co.kr/Y/IMAGE/IMG_ALBUM/080/673/272/80673272_1617265225691_1_140x140.JPG/dims/resize/Q_80,0"
27,Cupid,FIFTY FIFTY,The Beginning : Cupid,"https://image.genie.co.kr/Y/IMAGE/IMG_ALBUM/083/571/396/83571396_1677134962111_1_140x140.JPG/dims/resize/Q_80,0"
28,아버지,임영웅,IM HERO,"https://image.genie.co.kr/Y/IMAGE/IMG_ALBUM/082/638/032/82638032_1651479062721_1_140x140.JPG/dims/resize/Q_80,0"
29,너의 모든 순간,성시경,별에서 온 그대 OST Part.7 (SBS 수목드라마),"https://image.genie.co.kr/Y/IMAGE/IMG_ALBUM/080/401/547/80401547_1392172764399_1_140x140.JPG/dims/resize/Q_80,0"
30,사랑인가 봐,멜로망스 (MeloMance),사랑인가 봐 (사내맞선 OST 스페셜 트랙),"https://image.genie.co.kr/Y/IMAGE/IMG_ALBUM/082/540/759/82540759_1645152997958_1_140x140.JPG/dims/resize/Q_80,0"
31,A bientot,임영웅,IM HERO,"https://image.genie.co.kr/Y/IMAGE/IMG_ALBUM/082/638/032/82638032_1651479062721_1_140x140.JPG/dims/resize/Q_80,0"
32,손이 참 곱던 그대,임영웅,IM HERO,"https://image.genie.co.kr/Y/IMAGE/IMG_ALBUM/082/638/032/82638032_1651479062721_1_140x140.JPG/dims/resize/Q_80,0"
33,사랑해 진짜,임영웅,IM HERO,"https://image.genie.co.kr/Y/IMAGE/IMG_ALBUM/082/638/032/82638032_1651479062721_1_140x140.JPG/dims/resize/Q_80,0"
34,Nxde,(여자)아이들,I love,"https://image.genie.co.kr/Y/IMAGE/IMG_ALBUM/083/072/254/83072254_1665976983718_1_140x140.JPG/dims/resize/Q_80,0"
35,밤이 무서워요 (Lonely Night),주주 시크릿,밤이 무서워요 (Lonely Night),"https://image.genie.co.kr/Y/IMAGE/IMG_ALBUM/083/652/253/83652253_1679632743168_1_140x140.JPG/dims/resize/Q_80,0"
36,인생찬가,임영웅,IM HERO,"https://image.genie.co.kr/Y/IMAGE/IMG_ALBUM/082/638/032/82638032_1651479062721_1_140x140.JPG/dims/resize/Q_80,0"
37,연애편지,임영웅,IM HERO,"https://image.genie.co.kr/Y/IMAGE/IMG_ALBUM/082/638/032/82638032_1651479062721_1_140x140.JPG/dims/resize/Q_80,0"
38,NIGHT DANCER,imase,NIGHT DANCER,"https://image.genie.co.kr/Y/IMAGE/IMG_ALBUM/082/908/447/82908447_1660714837418_1_140x140.JPG/dims/resize/Q_80,0"
39,The Drum,Alan Walker,"Walkerverse, Pt. I","https://image.genie.co.kr/Y/IMAGE/IMG_ALBUM/082/638/202/82638202_1655369481808_1_140x140.JPG/dims/resize/Q_80,0"
40,That's Hilarious,Charlie Puth,CHARLIE,"https://image.genie.co.kr/Y/IMAGE/IMG_ALBUM/082/484/273/82484273_1665067200754_1_140x140.JPG/dims/resize/Q_80,0"
41,보금자리,임영웅,IM HERO,"https://image.genie.co.kr/Y/IMAGE/IMG_ALBUM/082/638/032/82638032_1651479062721_1_140x140.JPG/dims/resize/Q_80,0"
42,새삥 (Prod. by ZICO) (Feat. 호미들),지코 (ZICO),스트릿 맨 파이터(SMF) Original Vol.3 (계급미션),"https://image.genie.co.kr/Y/IMAGE/IMG_ALBUM/082/941/007/82941007_1662445894361_1_140x140.JPG/dims/resize/Q_80,0"
43,Shut Down,BLACKPINK,BORN PINK,"https://image.genie.co.kr/Y/IMAGE/IMG_ALBUM/082/912/188/82912188_1663300532914_1_140x140.JPG/dims/resize/Q_80,0"
44,그때 그 순간 그대로 (그그그),WSG워너비 (가야G),WSG워너비 1집,"https://image.genie.co.kr/Y/IMAGE/IMG_ALBUM/082/814/458/82814458_1657270030475_1_140x140.JPG/dims/resize/Q_80,0"
45,FRIEND THE END,볼빨간사춘기,사랑.zip,"https://image.genie.co.kr/Y/IMAGE/IMG_ALBUM/083/732/573/83732573_1681437757420_1_140x140.JPG/dims/resize/Q_80,0"
46,취중고백,김민석 (멜로망스),취중고백,"https://image.genie.co.kr/Y/IMAGE/IMG_ALBUM/082/443/459/82443459_1639718817315_1_140x140.JPG/dims/resize/Q_80,0"
47,오르트구름,윤하 (YOUNHA),YOUNHA 6th Album 'END THEORY',"https://image.genie.co.kr/Y/IMAGE/IMG_ALBUM/082/393/286/82393286_1637039913011_1_140x140.JPG/dims/resize/Q_80,0"
48,사랑하기 싫어,지아 (Zia),사랑하기 싫어,"https://image.genie.co.kr/Y/IMAGE/IMG_ALBUM/083/574/618/83574618_1677205061184_1_140x140.JPG/dims/resize/Q_80,0"
49,다정히 내 이름을 부르면,경서예지 & 전건호,다정히 내 이름을 부르면,"https://image.genie.co.kr/Y/IMAGE/IMG_ALBUM/082/051/769/82051769_1621328428038_1_140x140.JPG/dims/resize/Q_80,0"
50,Stay,The Kid LAROI & Justin Bieber,Stay,"https://image.genie.co.kr/Y/IMAGE/IMG_ALBUM/082/130/513/82130513_1625722837604_1_140x140.JPG/dims/resize/Q_80,0"
51,TOMBOY,(여자)아이들,I NEVER DIE,"https://image.genie.co.kr/Y/IMAGE/IMG_ALBUM/082/586/132/82586132_1647227017471_1_140x140.JPG/dims/resize/Q_80,0"
52,Pink Venom,BLACKPINK,BORN PINK,"https://image.genie.co.kr/Y/IMAGE/IMG_ALBUM/082/912/188/82912188_1663300532914_1_140x140.JPG/dims/resize/Q_80,0"
53,Monologue,테이 (Tei),Monologue,"https://image.genie.co.kr/Y/IMAGE/IMG_ALBUM/082/983/095/82983095_1666323297427_1_140x140.JPG/dims/resize/Q_80,0"
54,헤어지자 말해요,박재정,1집 Alone,"https://image.genie.co.kr/Y/IMAGE/IMG_ALBUM/083/748/133/83748133_1681960235531_1_140x140.JPG/dims/resize/Q_80,0"
55,Dynamite,방탄소년단,Dynamite (DayTime Ver.),"https://image.genie.co.kr/Y/IMAGE/IMG_ALBUM/081/545/399/81545399_1600401677905_1_140x140.JPG/dims/resize/Q_80,0"
56,그라데이션,10CM,5.3,"https://image.genie.co.kr/Y/IMAGE/IMG_ALBUM/082/798/875/82798875_1656663217923_1_140x140.JPG/dims/resize/Q_80,0"
57,해요 (2022),#안녕,해요 (2022),"https://image.genie.co.kr/Y/IMAGE/IMG_ALBUM/082/727/185/82727185_1654248208229_1_140x140.JPG/dims/resize/Q_80,0"
58,Loving You Girl (Feat. Hkeem),Peder Elias,Love & Loneliness,"https://image.genie.co.kr/Y/IMAGE/IMG_ALBUM/082/044/844/82044844_1651133261932_1_140x140.JPG/dims/resize/Q_80,0"
59,ELEVEN,IVE (아이브),ELEVEN,"https://image.genie.co.kr/Y/IMAGE/IMG_ALBUM/082/417/569/82417569_1638329272770_1_140x140.JPG/dims/resize/Q_80,0"
60,Unholy,Sam Smith & Kim Petras,Unholy,"https://image.genie.co.kr/Y/IMAGE/IMG_ALBUM/082/659/634/82659634_1663829189608_1_140x140.JPG/dims/resize/Q_80,0"
61,빙글빙글 (Prod. by R.Tee),헤이즈 (Heize),빙글빙글,"https://image.genie.co.kr/Y/IMAGE/IMG_ALBUM/083/684/216/83684216_1680659141283_1_140x140.JPG/dims/resize/Q_80,0"
62,빛이 나는 너에게,던 (DAWN),빛이 나는 너에게,"https://image.genie.co.kr/Y/IMAGE/IMG_ALBUM/083/727/409/83727409_1681346323239_1_140x140.JPG/dims/resize/Q_80,0"
63,내가 아니라도,주호,내가 아니라도,"https://image.genie.co.kr/Y/IMAGE/IMG_ALBUM/082/602/752/82602752_1648117827255_1_140x140.JPG/dims/resize/Q_80,0"
64,Nostalgia,우디 (Woody),Nostalgia,"https://image.genie.co.kr/Y/IMAGE/IMG_ALBUM/083/597/832/83597832_1677831671648_1_140x140.JPG/dims/resize/Q_80,0"
65,정이라고 하자 (Feat. 10CM),BIG Naughty (서동현),정이라고 하자,"https://image.genie.co.kr/Y/IMAGE/IMG_ALBUM/082/645/633/82645633_1650352944627_1_140x140.JPG/dims/resize/Q_80,0"
66,Love Me Like This,NMIXX,expérgo,"https://image.genie.co.kr/Y/IMAGE/IMG_ALBUM/083/613/607/83613607_1679300973213_1_140x140.JPG/dims/resize/Q_80,0"
67,FEARLESS,LE SSERAFIM (르세라핌),FEARLESS,"https://image.genie.co.kr/Y/IMAGE/IMG_ALBUM/082/669/125/82669125_1651458341829_1_140x140.JPG/dims/resize/Q_80,0"
68,보고싶었어,WSG워너비 (4FIRE),WSG워너비 1집,"https://image.genie.co.kr/Y/IMAGE/IMG_ALBUM/082/814/458/82814458_1657270030475_1_140x140.JPG/dims/resize/Q_80,0"
69,Butter,방탄소년단,Butter,"https://image.genie.co.kr/Y/IMAGE/IMG_ALBUM/082/055/361/82055361_1621563082144_1_140x140.JPG/dims/resize/Q_80,0"
70,나의 X에게,경서,나의 X에게,"https://image.genie.co.kr/Y/IMAGE/IMG_ALBUM/082/651/870/82651870_1650613662156_1_140x140.JPG/dims/resize/Q_80,0"
71,When I Get Old,Christopher & 청하,When I Get Old,"https://image.genie.co.kr/Y/IMAGE/IMG_ALBUM/083/073/238/83073238_1665772282151_1_140x140.JPG/dims/resize/Q_80,0"
72,Like Crazy,지민,FACE,"https://image.genie.co.kr/Y/IMAGE/IMG_ALBUM/083/633/882/83633882_1679013658293_1_140x140.JPG/dims/resize/Q_80,0"
73,Ai Wo Tsutaetaidatoka,Aimyon,Ai Wo Tsutaetaidatoka,"https://image.genie.co.kr/Y/IMAGE/IMG_ALBUM/080/944/377/80944377_1494404347073_1_140x140.JPG/dims/resize/Q_80,0"
74,봄날,방탄소년단,YOU NEVER WALK ALONE,"https://image.genie.co.kr/Y/IMAGE/IMG_ALBUM/080/921/195/80921195_1486716752321_1_140x140.JPG/dims/resize/Q_80,0"
75,사람 Pt.2 (Feat. 아이유),Agust D,D-DAY,"https://image.genie.co.kr/Y/IMAGE/IMG_ALBUM/083/713/255/83713255_1682049565488_1_140x140.JPG/dims/resize/Q_80,0"
76,2002,Anne-Marie,Speak Your Mind (Deluxe),"https://image.genie.co.kr/Y/IMAGE/IMG_ALBUM/081/031/556/81031556_1656957034547_1_140x140.JPG/dims/resize/Q_80,0"
77,Say I Love You,우디 (Woody),Say I Love You (Re : WIND 4MEN Vol.04),"https://image.genie.co.kr/Y/IMAGE/IMG_ALBUM/083/327/370/83327370_1671527785845_1_140x140.JPG/dims/resize/Q_80,0"
78,Candy,NCT DREAM,Candy - Winter Special Mini Album,"https://image.genie.co.kr/Y/IMAGE/IMG_ALBUM/083/310/995/83310995_1671162581876_1_140x140.JPG/dims/resize/Q_80,0"
79,NOT SORRY (Feat. pH-1) (Prod. by Slom),이영지,쇼미더머니 11 Episode 3,"https://image.genie.co.kr/Y/IMAGE/IMG_ALBUM/083/311/242/83311242_1671174043157_1_140x140.JPG/dims/resize/Q_80,0"
80,Cookie,NewJeans,NewJeans 1st EP 'New Jeans',"https://image.genie.co.kr/Y/IMAGE/IMG_ALBUM/082/842/800/82842800_1659340238924_1_140x140.JPG/dims/resize/Q_80,0"
81,흔들리는 꽃들 속에서 네 샴푸향이 느껴진거야,장범준,멜로가 체질 OST Part 3 (JTBC 금토 드라마),"https://image.genie.co.kr/Y/IMAGE/IMG_ALBUM/081/260/027/81260027_1566538606488_1_140x140.JPG/dims/resize/Q_80,0"
82,Rush Hour (Feat. j-hope of BTS),Crush,Rush Hour,"https://image.genie.co.kr/Y/IMAGE/IMG_ALBUM/082/998/598/82998598_1663838888101_1_140x140.JPG/dims/resize/Q_80,0"
83,희재,성시경,국화꽃 향기 OST,"https://image.genie.co.kr/Y/IMAGE/IMG_ALBUM/015/027/331/15027331_1464600209946_1_140x140.JPG/dims/resize/Q_80,0"
84,신호등,이무진,신호등,"https://image.genie.co.kr/Y/IMAGE/IMG_ALBUM/082/045/022/82045022_1620896061233_1_140x140.JPG/dims/resize/Q_80,0"
85,다시 사랑한다면 (니글니글 버터플라이),김필,복면가왕 47회,"https://image.genie.co.kr/Y/IMAGE/IMG_ALBUM/080/792/545/80792545_1456050004407_1_140x140.JPG/dims/resize/Q_80,0"
86,봄여름가을겨울 (Still Life),BIGBANG (빅뱅),봄여름가을겨울 (Still Life),"https://image.genie.co.kr/Y/IMAGE/IMG_ALBUM/082/624/911/82624911_1649062753955_1_140x140.JPG/dims/resize/Q_80,0"
87,밤하늘의 별을 (2020),경서,밤하늘의 별을 (2020),"https://image.genie.co.kr/Y/IMAGE/IMG_ALBUM/081/731/300/81731300_1613455604854_1_140x140.JPG/dims/resize/Q_80,0"
88,"모든 날, 모든 순간 (Every day, Every Moment)",폴킴,'키스 먼저 할까요?' OST Part. 3 (SBS 월화드라마),"https://image.genie.co.kr/Y/IMAGE/IMG_ALBUM/081/044/453/81044453_1521524523818_1_140x140.JPG/dims/resize/Q_80,0"
89,Every Second,Mina Okabe,Every Second,"https://image.genie.co.kr/Y/IMAGE/IMG_ALBUM/082/052/685/82052685_1621395929780_1_140x140.JPG/dims/resize/Q_80,0"
90,자격지심 (Feat. ZICO),BE'O (비오),FIVE SENSES,"https://image.genie.co.kr/Y/IMAGE/IMG_ALBUM/083/024/008/83024008_1664434674893_1_140x140.JPG/dims/resize/Q_80,0"
91,Off My Face,Justin Bieber,Justice,"https://image.genie.co.kr/Y/IMAGE/IMG_ALBUM/081/955/089/81955089_1616129121840_1_140x140.JPG/dims/resize/Q_80,0"
92,LOVE me,BE'O (비오),LOVE me,"https://image.genie.co.kr/Y/IMAGE/IMG_ALBUM/082/631/622/82631622_1649731154266_1_140x140.JPG/dims/resize/Q_80,0"
93,사랑하지 않아서 그랬어,임한별,사랑하지 않아서 그랬어,"https://image.genie.co.kr/Y/IMAGE/IMG_ALBUM/083/684/144/83684144_1680242492859_1_140x140.JPG/dims/resize/Q_80,0"
94,Chase Love Hard (Feat. 황민현),볼빨간사춘기,사랑.zip,"https://image.genie.co.kr/Y/IMAGE/IMG_ALBUM/083/732/573/83732573_1681437757420_1_140x140.JPG/dims/resize/Q_80,0"
95,Perfume,NCT 도재정,Perfume - The 1st Mini Album,"https://image.genie.co.kr/Y/IMAGE/IMG_ALBUM/083/742/185/83742185_1681715851742_1_140x140.JPG/dims/resize/Q_80,0"
96,딱 10CM만,10CM & BIG Naughty (서동현),딱 10CM만,"https://image.genie.co.kr/Y/IMAGE/IMG_ALBUM/083/004/985/83004985_1663918763683_1_140x140.JPG/dims/resize/Q_80,0"
97,Dreamers (Music from the FIFA World Cup Qatar 2022 Official Soundtrack) (Feat. FIFA Sound),정국 & 방탄소년단,Dreamers (Music from the FIFA World Cup Qatar 2022 Official Soundtrack),"https://image.genie.co.kr/Y/IMAGE/IMG_ALBUM/083/196/201/83196201_1671520555194_1_140x140.JPG/dims/resize/Q_80,0"
98,Blueming,아이유 (IU),Love poem,"https://image.genie.co.kr/Y/IMAGE/IMG_ALBUM/081/297/613/81297613_1574066356132_1_140x140.JPG/dims/resize/Q_80,0"
99,별 보러 갈래?,볼빨간사춘기,사춘기집 I 꽃기운,"https://image.genie.co.kr/Y/IMAGE/IMG_ALBUM/081/180/031/81180031_1554189031639_1_140x140.JPG/dims/resize/Q_80,0"
100,Feel My Rhythm,Red Velvet (레드벨벳),'The ReVe Festival 2022 - Feel My Rhythm',"https://image.genie.co.kr/Y/IMAGE/IMG_ALBUM/082/593/427/82593427_1647690272642_1_140x140.JPG/dims/resize/Q_80,0"
101,That That (Prod. & Feat. SUGA of BTS),싸이 (Psy),싸다9,"https://image.genie.co.kr/Y/IMAGE/IMG_ALBUM/082/662/688/82662688_1651196114166_1_140x140.JPG/dims/resize/Q_80,0"
102,그중에 그대를 만나,김호중,삼남매가 용감하게 OST Part.1,"https://image.genie.co.kr/Y/IMAGE/IMG_ALBUM/083/002/500/83002500_1663912084716_1_140x140.JPG/dims/resize/Q_80,0"
103,Give Love,AKMU (악뮤),PLAY,"https://image.genie.co.kr/Y/IMAGE/IMG_ALBUM/080/416/897/80416897_1396835518342_1_140x140.JPG/dims/resize/Q_80,0"
104,Bad Habits,Ed Sheeran,=,"https://image.genie.co.kr/Y/IMAGE/IMG_ALBUM/082/110/115/82110115_1654161923419_1_140x140.JPG/dims/resize/Q_80,0"
105,Love story,볼빨간사춘기,Seoul,"https://image.genie.co.kr/Y/IMAGE/IMG_ALBUM/082/644/646/82644646_1650435003028_1_140x140.JPG/dims/resize/Q_80,0"
106,Weekend,태연 (TAEYEON),Weekend,"https://image.genie.co.kr/Y/IMAGE/IMG_ALBUM/082/126/712/82126712_1625554274209_1_140x140.JPG/dims/resize/Q_80,0"
107,주저하는 연인들을 위해,잔나비,전설,"https://image.genie.co.kr/Y/IMAGE/IMG_ALBUM/081/172/042/81172042_1552452730746_1_140x140.JPG/dims/resize/Q_80,0"
108,Next Level,aespa,Next Level,"https://image.genie.co.kr/Y/IMAGE/IMG_ALBUM/082/049/997/82049997_1621238537359_1_140x140.JPG/dims/resize/Q_80,0"
109,고백,멜로망스 (MeloMance),세 번째 '고백',"https://image.genie.co.kr/Y/IMAGE/IMG_ALBUM/082/215/884/82215884_1630051973827_1_140x140.JPG/dims/resize/Q_80,0"
110,벚꽃 엔딩,버스커 버스커 (Busker Busker),버스커 버스커 1집,"https://image.genie.co.kr/Y/IMAGE/IMG_ALBUM/080/287/115/80287115_1332318513743_1_140x140.JPG/dims/resize/Q_80,0"
111,Permission to Dance,방탄소년단,Butter / Permission to Dance,"https://image.genie.co.kr/Y/IMAGE/IMG_ALBUM/082/131/679/82131679_1625795131913_1_140x140.JPG/dims/resize/Q_80,0"
112,떠나보낼 준비해 둘걸 그랬어,임한별,떠나보낼 준비해 둘걸 그랬어,"https://image.genie.co.kr/Y/IMAGE/IMG_ALBUM/083/083/139/83083139_1666077446742_1_140x140.JPG/dims/resize/Q_80,0"
113,내 기쁨은 너가 벤틀리를 끄는 거야,김승민,PROTOTYPE RESEARCH #0063,"https://image.genie.co.kr/Y/IMAGE/IMG_ALBUM/082/324/427/82324427_1634605967340_1_140x140.JPG/dims/resize/Q_80,0"
114,발걸음,DK (디셈버),발걸음,"https://image.genie.co.kr/Y/IMAGE/IMG_ALBUM/083/672/972/83672972_1680137985275_1_140x140.JPG/dims/resize/Q_80,0"
115,strawberry moon,아이유 (IU),strawberry moon,"https://image.genie.co.kr/Y/IMAGE/IMG_ALBUM/082/341/788/82341788_1634542366123_1_140x140.JPG/dims/resize/Q_80,0"
116,다시 사랑한다면,한동근,다시 사랑한다면,"https://image.genie.co.kr/Y/IMAGE/IMG_ALBUM/083/706/580/83706580_1681194219086_1_140x140.JPG/dims/resize/Q_80,0"
117,Bad,Christopher,Under the Surface,"https://image.genie.co.kr/Y/IMAGE/IMG_ALBUM/081/051/809/81051809_1588127109810_1_140x140.JPG/dims/resize/Q_80,0"
118,Celebrity,아이유 (IU),IU 5th Album 'LILAC',"https://image.genie.co.kr/Y/IMAGE/IMG_ALBUM/081/867/444/81867444_1616662460652_1_140x140.JPG/dims/resize/Q_80,0"
119,At My Worst,Pink Sweat$,The Prelude,"https://image.genie.co.kr/Y/IMAGE/IMG_ALBUM/081/374/334/81374334_1595222244182_1_140x140.JPG/dims/resize/Q_80,0"
120,나의 목소리로,김호중,나의 목소리로,"https://image.genie.co.kr/Y/IMAGE/IMG_ALBUM/083/030/172/83030172_1664517404926_1_140x140.JPG/dims/resize/Q_80,0"
121,OHAYO MY NIGHT,디핵 (D-Hack) & PATEKO,OHAYO MY NIGHT,"https://image.genie.co.kr/Y/IMAGE/IMG_ALBUM/081/479/869/81479869_1592554370128_1_140x140.JPG/dims/resize/Q_80,0"
122,라일락,아이유 (IU),IU 5th Album 'LILAC',"https://image.genie.co.kr/Y/IMAGE/IMG_ALBUM/081/867/444/81867444_1616662460652_1_140x140.JPG/dims/resize/Q_80,0"
123,I Ain't Worried,OneRepublic,I Ain't Worried (Music From The Motion Picture 'Top Gun : Maverick'),"https://image.genie.co.kr/Y/IMAGE/IMG_ALBUM/082/688/221/82688221_1652348740389_1_140x140.JPG/dims/resize/Q_80,0"
124,찰나가 영원이 될 때 (The Eternal Moment),마크툽 (Maktub),Red Moon : Beyond The Light,"https://image.genie.co.kr/Y/IMAGE/IMG_ALBUM/082/266/898/82266898_1631855214410_1_140x140.JPG/dims/resize/Q_80,0"
125,오늘도 빛나는 너에게 (To You My Light) (Feat.이라온),마크툽 (Maktub),Red Moon : To You My Light,"https://image.genie.co.kr/Y/IMAGE/IMG_ALBUM/081/222/277/81222277_1559886717282_1_140x140.JPG/dims/resize/Q_80,0"
126,Yet To Come,방탄소년단,Proof,"https://image.genie.co.kr/Y/IMAGE/IMG_ALBUM/082/746/162/82746162_1654826016759_1_140x140.JPG/dims/resize/Q_80,0"
127,Made You Look,Meghan Trainor,Takin' It Back,"https://image.genie.co.kr/Y/IMAGE/IMG_ALBUM/082/777/487/82777487_1655950544062_1_140x140.JPG/dims/resize/Q_80,0"
128,잘가요,주호,잘가요,"https://image.genie.co.kr/Y/IMAGE/IMG_ALBUM/083/250/113/83250113_1669961939741_1_140x140.JPG/dims/resize/Q_80,0"
129,나비무덤,포맨 (4MEN),나비무덤,"https://image.genie.co.kr/Y/IMAGE/IMG_ALBUM/083/589/325/83589325_1677568530485_1_140x140.JPG/dims/resize/Q_80,0"
130,Left and Right (Feat. Jung Kook of BTS),Charlie Puth & 정국 & 방탄소년단,Left and Right,"https://image.genie.co.kr/Y/IMAGE/IMG_ALBUM/082/777/117/82777117_1655825727342_1_140x140.JPG/dims/resize/Q_80,0"
131,당신을 만나,김호중 & 송가인,당신을 만나,"https://image.genie.co.kr/Y/IMAGE/IMG_ALBUM/083/456/811/83456811_1674613325236_1_140x140.JPG/dims/resize/Q_80,0"
132,한 페이지가 될 수 있게,DAY6 (데이식스),The Book of Us : Gravity,"https://image.genie.co.kr/Y/IMAGE/IMG_ALBUM/081/244/101/81244101_1563174738943_1_140x140.JPG/dims/resize/Q_80,0"
133,Stronger (What Doesn't Kill You),Kelly Clarkson,Stronger (What Doesn't Kill You),"https://image.genie.co.kr/Y/IMAGE/IMG_ALBUM/080/282/407/80282407_1652028327153_1_140x140.JPG/dims/resize/Q_80,0"
134,"어떻게 이별까지 사랑하겠어, 널 사랑하는 거지",AKMU (악뮤),항해,"https://image.genie.co.kr/Y/IMAGE/IMG_ALBUM/081/271/853/81271853_1569396403906_1_140x140.JPG/dims/resize/Q_80,0"
135,우린 그렇게 사랑해서,강민경 (다비치) & 잔나비 최정훈,우린 그렇게 사랑해서,"https://image.genie.co.kr/Y/IMAGE/IMG_ALBUM/083/002/608/83002608_1664167182058_1_140x140.JPG/dims/resize/Q_80,0"
136,에잇 (Prod. & Feat. SUGA of BTS),아이유 (IU),에잇,"https://image.genie.co.kr/Y/IMAGE/IMG_ALBUM/081/434/107/81434107_1588747979387_1_140x140.JPG/dims/resize/Q_80,0"
137,Set Me Free Pt.2,지민,FACE,"https://image.genie.co.kr/Y/IMAGE/IMG_ALBUM/083/633/882/83633882_1679013658293_1_140x140.JPG/dims/resize/Q_80,0"
138,팡파레,다비치,Season Note,"https://image.genie.co.kr/Y/IMAGE/IMG_ALBUM/082/689/476/82689476_1652678222501_1_140x140.JPG/dims/resize/Q_80,0"
139,너를 보는게 지친 하루에,송하예,너를 보는게 지친 하루에,"https://image.genie.co.kr/Y/IMAGE/IMG_ALBUM/083/631/342/83631342_1679023135505_1_140x140.JPG/dims/resize/Q_80,0"
140,그대를 알고,송하예,그대를 알고,"https://image.genie.co.kr/Y/IMAGE/IMG_ALBUM/083/299/878/83299878_1670842209647_1_140x140.JPG/dims/resize/Q_80,0"
141,새벽에 걸려온 너의 전화는,한동근,미련을 말하는,"https://image.genie.co.kr/Y/IMAGE/IMG_ALBUM/082/858/789/82858789_1659075929023_1_140x140.JPG/dims/resize/Q_80,0"
142,낙하 (With 아이유),AKMU (악뮤),NEXT EPISODE,"https://image.genie.co.kr/Y/IMAGE/IMG_ALBUM/082/154/563/82154563_1627285856162_1_140x140.JPG/dims/resize/Q_80,0"
143,바라만 본다,MSG워너비 (M.O.M),MSG워너비 1집,"https://image.genie.co.kr/Y/IMAGE/IMG_ALBUM/082/110/804/82110804_1624611382361_1_140x140.JPG/dims/resize/Q_80,0"
144,INVU,태연 (TAEYEON),INVU - The 3rd Album,"https://image.genie.co.kr/Y/IMAGE/IMG_ALBUM/082/529/386/82529386_1644820151763_1_140x140.JPG/dims/resize/Q_80,0"
145,예뻤어,DAY6 (데이식스),Every DAY6 February,"https://image.genie.co.kr/Y/IMAGE/IMG_ALBUM/080/919/666/80919666_1486113823984_1_140x140.JPG/dims/resize/Q_80,0"
146,Poppy (Korean Ver.),STAYC (스테이씨),Teddy Bear,"https://image.genie.co.kr/Y/IMAGE/IMG_ALBUM/083/506/719/83506719_1676363663803_1_140x140.JPG/dims/resize/Q_80,0"
147,첫눈처럼 너에게 가겠다,에일리 (Ailee),도깨비 OST Part 9 (tvN 금토드라마),"https://image.genie.co.kr/Y/IMAGE/IMG_ALBUM/080/911/488/80911488_1483696444510_1_140x140.JPG/dims/resize/Q_80,0"
148,주마등,김호중,PANORAMA,"https://image.genie.co.kr/Y/IMAGE/IMG_ALBUM/082/853/724/82853724_1658905111206_1_140x140.JPG/dims/resize/Q_80,0"
149,어떤 밤이 와도 널 안아줄게,봉훈,어떤 밤이 와도 널 안아줄게,"https://image.genie.co.kr/Y/IMAGE/IMG_ALBUM/081/726/098/81726098_1605750333169_1_140x140.JPG/dims/resize/Q_80,0"
150,취기를 빌려 (취향저격 그녀 X 산들),산들,취기를 빌려 (취향저격 그녀 X 산들),"https://image.genie.co.kr/Y/IMAGE/IMG_ALBUM/081/508/741/81508741_1595227914432_1_140x140.JPG/dims/resize/Q_80,0"
151,해금,Agust D,D-DAY,"https://image.genie.co.kr/Y/IMAGE/IMG_ALBUM/083/713/255/83713255_1682049565488_1_140x140.JPG/dims/resize/Q_80,0"
152,KNOCK,이채연,Over The Moon,"https://image.genie.co.kr/Y/IMAGE/IMG_ALBUM/083/699/369/83699369_1681177236277_1_140x140.JPG/dims/resize/Q_80,0"
153,마지막 사랑,신예영,마지막 사랑,"https://image.genie.co.kr/Y/IMAGE/IMG_ALBUM/083/419/405/83419405_1673482333766_1_140x140.JPG/dims/resize/Q_80,0"
154,12 : 45 (Stripped),etham,12 : 45 (Stripped),"https://image.genie.co.kr/Y/IMAGE/IMG_ALBUM/081/120/367/81120367_1541482589342_1_140x140.JPG/dims/resize/Q_80,0"
155,빛이 나는 사람,김호중,빛이 나는 사람,"https://image.genie.co.kr/Y/IMAGE/IMG_ALBUM/082/763/271/82763271_1655449446910_1_140x140.JPG/dims/resize/Q_80,0"
156,너에게 못했던 내 마지막 말은,다비치,너에게 못했던 내 마지막 말은,"https://image.genie.co.kr/Y/IMAGE/IMG_ALBUM/081/207/930/81207930_1558004470017_1_140x140.JPG/dims/resize/Q_80,0"
157,그댄 행복에 살텐데 (2022),최유리,그댄 행복에 살텐데 (2022),"https://image.genie.co.kr/Y/IMAGE/IMG_ALBUM/083/340/958/83340958_1672044272174_1_140x140.JPG/dims/resize/Q_80,0"
158,Zero,NewJeans,Zero,"https://image.genie.co.kr/Y/IMAGE/IMG_ALBUM/083/695/944/83695944_1680483048963_1_140x140.JPG/dims/resize/Q_80,0"
159,내 손을 잡아,아이유 (IU),최고의 사랑 OST Part.4 (MBC 수목드라마),"https://image.genie.co.kr/Y/IMAGE/IMG_ALBUM/080/257/897/80257897_1306206125910_1_140x140.JPG/dims/resize/Q_80,0"
160,아로하,조정석,슬기로운 의사생활 OST Part 3 (tvN 목요드라마),"https://image.genie.co.kr/Y/IMAGE/IMG_ALBUM/081/398/219/81398219_1585214325118_1_140x140.JPG/dims/resize/Q_80,0"
161,Tiny Riot,Sam Ryder,The Sun's Gonna Rise,"https://image.genie.co.kr/Y/IMAGE/IMG_ALBUM/081/971/699/81971699_1632705335393_1_140x140.JPG/dims/resize/Q_80,0"
162,on the street,j-hope & J. Cole,on the street,"https://image.genie.co.kr/Y/IMAGE/IMG_ALBUM/083/597/101/83597101_1677804051224_1_140x140.JPG/dims/resize/Q_80,0"
163,있잖아,폴킴,연애플레이리스트2 OST Part.2,"https://image.genie.co.kr/Y/IMAGE/IMG_ALBUM/080/969/270/80969270_1500622894492_1_140x140.JPG/dims/resize/Q_80,0"
164,헤픈 우연,헤이즈 (Heize),HAPPEN,"https://image.genie.co.kr/Y/IMAGE/IMG_ALBUM/082/051/546/82051546_1621497965521_1_140x140.JPG/dims/resize/Q_80,0"
165,슬픈등,김호중,인생은 뷰티풀 : 비타돌체,"https://image.genie.co.kr/Y/IMAGE/IMG_ALBUM/082/952/361/82952361_1662533827668_1_140x140.JPG/dims/resize/Q_80,0"
166,인생은 뷰티풀,김호중,인생은 뷰티풀 : 비타돌체,"https://image.genie.co.kr/Y/IMAGE/IMG_ALBUM/082/952/361/82952361_1662533827668_1_140x140.JPG/dims/resize/Q_80,0"
167,GHOST TOWN,Benson Boone,GHOST TOWN,"https://image.genie.co.kr/Y/IMAGE/IMG_ALBUM/082/341/606/82341606_1634531780585_1_140x140.JPG/dims/resize/Q_80,0"
168,"LOVE DAY (2021) (바른연애 길잡이 X 양요섭, 정은지)",양요섭 & 정은지,"LOVE DAY (2021) (바른연애 길잡이 X 양요섭, 정은지)","https://image.genie.co.kr/Y/IMAGE/IMG_ALBUM/081/930/932/81930932_1614921406095_1_140x140.JPG/dims/resize/Q_80,0"
169,너의 번호를 누르고 (Prod. by 영화처럼),#안녕,너의 번호를 누르고,"https://image.genie.co.kr/Y/IMAGE/IMG_ALBUM/081/321/702/81321702_1575013843097_1_140x140.JPG/dims/resize/Q_80,0"
170,회전목마 (Feat. Zion.T & 원슈타인) (Prod. by Slom),sokodomo,쇼미더머니 10 Episode 2,"https://image.genie.co.kr/Y/IMAGE/IMG_ALBUM/082/387/392/82387392_1636696960130_1_140x140.JPG/dims/resize/Q_80,0"
171,친구,김호중,PANORAMA,"https://image.genie.co.kr/Y/IMAGE/IMG_ALBUM/082/853/724/82853724_1658905111206_1_140x140.JPG/dims/resize/Q_80,0"
172,Kiss,NCT 도재정,Perfume - The 1st Mini Album,"https://image.genie.co.kr/Y/IMAGE/IMG_ALBUM/083/742/185/83742185_1681715851742_1_140x140.JPG/dims/resize/Q_80,0"
173,사이렌 Remix (Feat. UNEDUCATED KID & Paul Blanco),호미들,사이렌 Remix,"https://image.genie.co.kr/Y/IMAGE/IMG_ALBUM/081/953/909/81953909_1616136514994_1_140x140.JPG/dims/resize/Q_80,0"
174,약속 (約束),김호중,PANORAMA,"https://image.genie.co.kr/Y/IMAGE/IMG_ALBUM/082/853/724/82853724_1658905111206_1_140x140.JPG/dims/resize/Q_80,0"
175,WHEN I MOVE,카라 (KARA),MOVE AGAIN,"https://image.genie.co.kr/Y/IMAGE/IMG_ALBUM/083/235/359/83235359_1669691783216_1_140x140.JPG/dims/resize/Q_80,0"
176,결국엔 너에게 닿아서,WSG워너비 (가야G),결국엔 너에게 닿아서,"https://image.genie.co.kr/Y/IMAGE/IMG_ALBUM/083/630/868/83630868_1679030786584_1_140x140.JPG/dims/resize/Q_80,0"
177,I (Feat. 버벌진트),태연 (TAEYEON),I - The 1st Mini Album,"https://image.genie.co.kr/Y/IMAGE/IMG_ALBUM/080/701/713/80701713_1444120236458_1_140x140.JPG/dims/resize/Q_80,0"
178,Memories,Maroon 5,Memories,"https://image.genie.co.kr/Y/IMAGE/IMG_ALBUM/081/270/251/81270251_1568955300246_1_140x140.JPG/dims/resize/Q_80,0"
179,아모르 파티,이홍기 (FT아일랜드),아모르 파티,"https://image.genie.co.kr/Y/IMAGE/IMG_ALBUM/083/645/671/83645671_1679462266240_1_140x140.JPG/dims/resize/Q_80,0"
180,BETELGEUSE,Yuuri,BETELGEUSE,"https://image.genie.co.kr/Y/IMAGE/IMG_ALBUM/082/341/871/82341871_1634543427727_1_140x140.JPG/dims/resize/Q_80,0"
181,Il Mare Calmo Della Sera,김호중,PANORAMA,"https://image.genie.co.kr/Y/IMAGE/IMG_ALBUM/082/853/724/82853724_1658905111206_1_140x140.JPG/dims/resize/Q_80,0"
182,너로 자유롭다 (Libere Flore),마크툽 (Maktub),너로 자유롭다 (Libere Flore),"https://image.genie.co.kr/Y/IMAGE/IMG_ALBUM/083/747/720/83747720_1682052282164_1_140x140.JPG/dims/resize/Q_80,0"
183,가질 수 없는 너,#안녕,가질 수 없는 너,"https://image.genie.co.kr/Y/IMAGE/IMG_ALBUM/083/706/579/83706579_1680767125648_1_140x140.JPG/dims/resize/Q_80,0"
184,Fall In Love Alone,Stacey Ryan,Fall In Love Alone,"https://image.genie.co.kr/Y/IMAGE/IMG_ALBUM/082/686/354/82686354_1652263527492_1_140x140.JPG/dims/resize/Q_80,0"
185,Shape Of You,Ed Sheeran,÷ (Deluxe),"https://image.genie.co.kr/Y/IMAGE/IMG_ALBUM/080/911/494/80911494_1484644569534_1_140x140.JPG/dims/resize/Q_80,0"
186,마이웨이 (MY WAY) (Prod. by R.Tee),저스디스 (JUSTHIS) & R.Tee & 던말릭 (DON MALIK) & 허성현 (Huh) & KHAN & 맥대디 (Mckdaddy) & Los,쇼미더머니 11 Episode 1,"https://image.genie.co.kr/Y/IMAGE/IMG_ALBUM/083/243/377/83243377_1669883362558_1_140x140.JPG/dims/resize/Q_80,0"
187,후유증 (Can We Go Back),NCT 도재정,Perfume - The 1st Mini Album,"https://image.genie.co.kr/Y/IMAGE/IMG_ALBUM/083/742/185/83742185_1681715851742_1_140x140.JPG/dims/resize/Q_80,0"
188,풍등,이찬원,ONE,"https://image.genie.co.kr/Y/IMAGE/IMG_ALBUM/083/555/400/83555400_1676856314788_1_140x140.JPG/dims/resize/Q_80,0"
189,도깨비불 (Illusion),aespa,Girls - The 2nd Mini Album,"https://image.genie.co.kr/Y/IMAGE/IMG_ALBUM/082/720/438/82720438_1657250551244_1_140x140.JPG/dims/resize/Q_80,0"
190,오래된 노래,Standing Egg (스탠딩 에그),오래된 노래,"https://image.genie.co.kr/Y/IMAGE/IMG_ALBUM/080/309/890/80309890_1346636754128_1_140x140.JPG/dims/resize/Q_80,0"
191,I'm Not The Only One,Sam Smith,In The Lonely Hour (Standard Edition),"https://image.genie.co.kr/Y/IMAGE/IMG_ALBUM/080/437/332/80437332_1401155109262_1_140x140.JPG/dims/resize/Q_80,0"
192,Light Switch,Charlie Puth,CHARLIE,"https://image.genie.co.kr/Y/IMAGE/IMG_ALBUM/082/484/273/82484273_1665067200754_1_140x140.JPG/dims/resize/Q_80,0"
193,Love in Portofino,김호중,PANORAMA,"https://image.genie.co.kr/Y/IMAGE/IMG_ALBUM/082/853/724/82853724_1658905111206_1_140x140.JPG/dims/resize/Q_80,0"
194,HIP,마마무(Mamamoo),reality in BLACK,"https://image.genie.co.kr/Y/IMAGE/IMG_ALBUM/081/309/776/81309776_1573713705694_1_140x140.JPG/dims/resize/Q_80,0"
195,바보가슴,송하예 & 한빈 (포맨),바보가슴,"https://image.genie.co.kr/Y/IMAGE/IMG_ALBUM/083/687/161/83687161_1680256068502_1_140x140.JPG/dims/resize/Q_80,0"
196,Dive,NCT 도재정,Perfume - The 1st Mini Album,"https://image.genie.co.kr/Y/IMAGE/IMG_ALBUM/083/742/185/83742185_1681715851742_1_140x140.JPG/dims/resize/Q_80,0"
197,너를 생각해,주시크 (Joosiq),너를 생각해,"https://image.genie.co.kr/Y/IMAGE/IMG_ALBUM/082/264/995/82264995_1631860546082_1_140x140.JPG/dims/resize/Q_80,0"
198,언제나 사랑해,케이시 (Kassy),조영수 리메이크 프로젝트 Part.2,"https://image.genie.co.kr/Y/IMAGE/IMG_ALBUM/082/518/183/82518183_1644201513342_1_140x140.JPG/dims/resize/Q_80,0"
199,시작,가호 (Gaho),이태원 클라쓰 OST Part.2 (JTBC 금토드라마),"https://image.genie.co.kr/Y/IMAGE/IMG_ALBUM/081/352/464/81352464_1580457691124_1_140x140.JPG/dims/resize/Q_80,0"
200,서랍,10CM,그 해 우리는 OST Part.1,"https://image.genie.co.kr/Y/IMAGE/IMG_ALBUM/082/427/538/82427538_1639109943289_1_140x140.JPG/dims/resize/Q_80,0"
